,CZ2_PEAS_Unnamed: 0,CZ2_PEAS_inst_id,CZ2_PEAS_CZ2-trans-id,CZ2_PEAS_rmse,CZ2_PEAS_AGB,CZ2_PEAS_FailedPFTs,CZ2_PEAS_ShannonE,CZ2_PEAS_BA,CZ2_PEAS_BA_pine,CZ2_PEAS_BA_cedar,CZ2_PEAS_BA_fir,CZ2_PEAS_BA_oak,CZ2_PEAS_Pct_shrub_cover,CZ2_PEAS_Pct_shrub_cover_canopy,CZ2_PEAS_TreeStemD,CZ2_PEAS_TreeStemD_40,CZ2_PEAS_TreeStemD_60,CZ2_PEAS_TreeStemD_80,CZ2_PEAS_TreeStemD_100,CZ2_PEAS_ResproutD_oak,CZ2_PEAS_ResproutD_shrub,CZ2_PEAS_BA_shrub,CZ2_PEAS_NPP,CZ2_PEAS_Combustible_fuel,CZ2_PEAS_param_file_path,CZ2_PEAS_fates_leaf_vcmax25top_1,CZ2_PEAS_Burned_area,CZ2_PEAS_Pct_high_severity_1700,CZ2_PEAS_Pct_high_severity_3500,CZ2_TRANS_Unnamed: 0,CZ2_TRANS_inst_id,CZ2_TRANS_AGB,CZ2_TRANS_FailedPFTs,CZ2_TRANS_ShannonE,CZ2_TRANS_BA,CZ2_TRANS_BA_pine,CZ2_TRANS_BA_cedar,CZ2_TRANS_BA_fir,CZ2_TRANS_BA_oak,CZ2_TRANS_Pct_shrub_cover,CZ2_TRANS_Pct_shrub_cover_canopy,CZ2_TRANS_TreeStemD,CZ2_TRANS_TreeStemD_40,CZ2_TRANS_TreeStemD_60,CZ2_TRANS_TreeStemD_80,CZ2_TRANS_TreeStemD_100,CZ2_TRANS_ResproutD_oak,CZ2_TRANS_ResproutD_shrub,CZ2_TRANS_BA_shrub,CZ2_TRANS_NPP,CZ2_TRANS_Combustible_fuel,CZ2_TRANS_Burned_area,CZ2_TRANS_Pct_high_severity_1700,CZ2_TRANS_Pct_high_severity_3500,CZ2_TRANS_param_file_path,CZ2_TRANS_fates_leaf_vcmax25top_1,CZ2_TRANS_fire_response_score,STAN_PEAS_Unnamed: 0,STAN_PEAS_inst_id,STAN_PEAS_AGB,STAN_PEAS_FailedPFTs,STAN_PEAS_ShannonE,STAN_PEAS_BA,STAN_PEAS_BA_pine,STAN_PEAS_BA_cedar,STAN_PEAS_BA_fir,STAN_PEAS_BA_oak,STAN_PEAS_Pct_shrub_cover,STAN_PEAS_Pct_shrub_cover_canopy,STAN_PEAS_TreeStemD,STAN_PEAS_TreeStemD_40,STAN_PEAS_TreeStemD_60,STAN_PEAS_TreeStemD_80,STAN_PEAS_TreeStemD_100,STAN_PEAS_ResproutD_oak,STAN_PEAS_ResproutD_shrub,STAN_PEAS_BA_shrub,STAN_PEAS_NPP,STAN_PEAS_Combustible_fuel,STAN_PEAS_Burned_area,STAN_PEAS_Pct_high_severity_1700,STAN_PEAS_Pct_high_severity_3500,STAN_PEAS_param_file_path,STAN_PEAS_fates_leaf_vcmax25top_1,climate_response_scores,fire_response_scores
0,0,CZ2_equilibrium_110523_03_-17e2acb6a_FATES-8a054a12_0058,CZ2_trans_110923_0001,3.210975099428133,4.316284656524658,0,0.8231548999568086,15.419183,1.0709248,9.1825695,0.9212989,4.2443895,0.37239692,0.27984747,263.7954242527485,29.25276523455977,7.722043665125966,3.5122738336212933,1.4431183808483183,17.715765,0.016383905,6.206964,0.654831103389597,0.4221511,/glade/u/home/adamhb/ahb_params/fates_api_25/ensembles/CZ2_equilibrium_110523_03/CZ2_equilibrium_110523_0058.nc,51.264355113896286,0.024,0.0,0.0,0,CZ2_trans_1950_2020_111223_-17e2acb6a_FATES-8a054a12_0001,12.056631088256836,0,0.6348695439479726,38.33241,4.80519,24.480032,1.819459,7.227731,0.00919519,0.0035381035,225.52544251084328,77.66257505863905,44.49019208550453,17.532509518787265,4.060673236381263,0.3948224,0.0,0.102956735,0.8901538808459009,0.58057404,0.002,11.11111111111111,0.0,/glade/u/home/adamhb/ahb_params/fates_api_25/ensembles/CZ2_trans_110923_01/ca_5pfts_100523_0001.nc,51.264355113896286,0.75,0,STAN_equilibrium_111023_01_-17e2acb6a_FATES-8a054a12_0001,6.787248611450195,1,0.7059365758478754,23.736057,4.1014585,11.465328,0.78155166,7.387718,0.0015012322,0.001326568,234.56931114196777,31.426483765244484,21.54903719201684,14.003574615344403,3.8900342769920826,26.698439,0.0,0.019138368,0.6051872339583042,0.37582278,0.01,0.0,0.0,/glade/u/home/adamhb/ahb_params/fates_api_25/ensembles/STAN_equilibrium_111023_01/ca_5pfts_100523_0001.nc,51.264355113896286,0.3333333333333333,0.75
1,1,CZ2_equilibrium_110323_02_-17e2acb6a_FATES-8a054a12_0023,CZ2_trans_110923_0002,3.4704326512474024,3.101289749145508,0,0.7611998236578259,13.232683,0.680266,3.8401732,0.30490714,8.407336,0.25031888,0.10696654,184.76808443665504,9.57840820774436,5.416672211140394,4.954807227477431,0.7837313751224428,46.5258,0.001985327,4.192101,0.7583557415955511,0.81226635,/glade/u/home/adamhb/ahb_params/fates_api_25/ensembles/CZ2_equilibrium_110323_02/CZ2_equilibrium_110323_0023.nc,47.598533418865685,0.039,5.590062111801243,0.0,1,CZ2_trans_1950_2020_111223_-17e2acb6a_FATES-8a054a12_0002,10.532888412475586,0,0.5473271452769799,27.909344,0.6381695,10.425844,0.1934637,16.651867,0.037667982,0.010261235,244.56724524497983,58.70508961379528,49.26634021103382,5.959593690931797,0.709069354343228,2.9564443,0.0,0.58817756,1.0453923535465035,1.0241108,0.005,50.40650406504065,4.065040650406504,/glade/u/home/adamhb/ahb_params/fates_api_25/ensembles/CZ2_trans_110923_01/ca_5pfts_100523_0002.nc,47.598533418865685,0.875,1,STAN_equilibrium_111023_01_-17e2acb6a_FATES-8a054a12_0002,9.925405502319336,1,0.6553517417236744,27.73803,2.5432785,10.674116,0.96896887,13.551665,0.00027857727,9.780538e-07,175.87408423423767,33.4906904026866,22.979723289608955,19.05751763843,0.9877117554424332,16.911978,0.0,0.0032229018,0.8893467003474598,0.74462795,0.013,0.0,0.0,/glade/u/home/adamhb/ahb_params/fates_api_25/ensembles/STAN_equilibrium_111023_01/ca_5pfts_100523_0002.nc,47.598533418865685,1.0,0.875
2,2,CZ2_equilibrium_110523_01_-17e2acb6a_FATES-8a054a12_0028,CZ2_trans_110923_0003,3.279225380357474,2.7707183361053467,0,0.7516738229275842,14.383246,0.81802255,9.828711,0.51723284,3.21928,0.71639115,0.43226793,185.2765865623951,50.5106383934617,3.415604005567729,2.023842826019973,1.3145199045538902,44.14341,0.000216069,8.675241,0.7323748258727392,0.7893839,/glade/u/home/adamhb/ahb_params/fates_api_25/ensembles/CZ2_equilibrium_110523_01/CZ2_equilibrium_110523_0028.nc,47.73249413890142,0.043,0.7299270072992701,0.0,2,CZ2_trans_1950_2020_111223_-17e2acb6a_FATES-8a054a12_0003,20.62469482421875,0,0.6535691256007079,56.547073,7.369988,34.12378,2.2009296,12.852377,0.01229872,0.0025967532,168.5710810124874,130.04661537706852,66.80147256702185,46.28492519259453,14.35145386494696,1.1740574,0.00017183488,0.18341474,1.1810009180521774,0.88596153,0.003,27.41935483870968,0.0,/glade/u/home/adamhb/ahb_params/fates_api_25/ensembles/CZ2_trans_110923_01/ca_5pfts_100523_0003.nc,47.73249413890142,0.625,2,STAN_equilibrium_111023_01_-17e2acb6a_FATES-8a054a12_0003,11.917160034179688,1,0.6965692306931268,40.93251,21.38291,9.941311,1.3593736,8.248918,0.0008610374,5.014068e-07,235.97365245223045,73.18247575312853,56.487186811864376,27.006540913134813,3.815274976659566,80.27928,0.0,0.011549225,0.9791282628839326,0.6172366,0.02,0.0,0.0,/glade/u/home/adamhb/ahb_params/fates_api_25/ensembles/STAN_equilibrium_111023_01/ca_5pfts_100523_0003.nc,47.73249413890142,1.0,0.625
3,3,CZ2_equilibrium_110523_01_-17e2acb6a_FATES-8a054a12_0010,CZ2_trans_110923_0004,3.695404922206667,4.376181602478027,0,0.7446096500977472,14.717167,5.6146126,7.2497807,0.4919463,1.360827,1.0063127,0.26214138,745.6093281507492,5.568520864471793,0.4995670678908936,0.0645865247861365,0.0542100951861357,13.631756,0.0,15.832,1.058773993406703,1.366828,/glade/u/home/adamhb/ahb_params/fates_api_25/ensembles/CZ2_equilibrium_110523_01/CZ2_equilibrium_110523_0010.nc,61.39966242178885,0.052,40.66666666666666,11.333333333333332,3,CZ2_trans_1950_2020_111223_-17e2acb6a_FATES-8a054a12_0004,15.56462574005127,1,0.3387085440425432,44.52863,4.858759,39.272663,0.37000555,0.027199691,0.11084698,0.043418407,511.2011730670929,97.05770760774612,62.88589909672737,17.308398382738233,0.6830503843957558,0.05967364,0.035143606,1.7903235,1.1997710437299247,1.5617332,0.004,52.59259259259259,14.814814814814811,/glade/u/home/adamhb/ahb_params/fates_api_25/ensembles/CZ2_trans_110923_01/ca_5pfts_100523_0004.nc,61.39966242178885,0.75,3,STAN_equilibrium_111023_01_-17e2acb6a_FATES-8a054a12_0004,13.65175724029541,1,0.557335038245391,39.781136,21.85547,17.518078,0.31588516,0.091699794,0.099102885,0.06156023,402.439758181572,61.76633294671774,36.30385734140873,27.72088162600994,2.821104717440903,0.9360859,0.0,1.9560589,1.0324724238444103,1.191679,0.008,4.395604395604396,0.0,/glade/u/home/adamhb/ahb_params/fates_api_25/ensembles/STAN_equilibrium_111023_01/ca_5pfts_100523_0004.nc,61.39966242178885,0.6666666666666666,0.75
4,4,CZ2_equilibrium_110523_01_-17e2acb6a_FATES-8a054a12_0054,CZ2_trans_110923_0005,3.550477294318693,3.5626368522644043,0,0.5614751932630225,12.594522,0.119915515,11.409325,0.8267072,0.23857519,0.54657584,0.41495448,207.9777792096138,17.95114716514945,4.310591029934585,0.0173411524428956,8.01036037501035e-05,4.1612782,0.0,9.725879,0.6873380305876253,0.93622065,/glade/u/home/adamhb/ahb_params/fates_api_25/ensembles/CZ2_equilibrium_110523_01/CZ2_equilibrium_110523_0054.nc,64.42032614200657,0.034,11.594202898550725,0.0,4,CZ2_trans_1950_2020_111223_-17e2acb6a_FATES-8a054a12_0005,15.150638580322266,2,0.1541070323581675,48.247574,0.024856083,46.578335,1.6268244,0.017560959,0.041191578,0.033762746,214.7104404866696,130.06918132305145,83.11918005347252,2.795704931486398,0.005296142262523,0.031803254,0.0,0.9581126,1.1008959422156297,1.2081871,0.001,23.809523809523807,0.0,/glade/u/home/adamhb/ahb_params/fates_api_25/ensembles/CZ2_trans_110923_01/ca_5pfts_100523_0005.nc,64.42032614200657,1.0,4,STAN_equilibrium_111023_01_-17e2acb6a_FATES-8a054a12_0005,14.430851936340332,0,0.1581315750875647,47.096737,0.21381499,44.665485,2.0368824,0.18055257,0.008622953,0.0046372567,240.20029231905937,97.5477509200573,56.799096055328846,43.89550536870957,0.0563670027986518,0.92282087,0.0,0.16632858,0.9016920412250328,0.85635996,0.003,0.0,0.0,/glade/u/home/adamhb/ahb_params/fates_api_25/ensembles/STAN_equilibrium_111023_01/ca_5pfts_100523_0005.nc,64.42032614200657,1.0,1.0
5,5,CZ2_equilibrium_110323_03_-17e2acb6a_FATES-8a054a12_0029,CZ2_trans_110923_0006,3.6387866912784257,4.581534862518311,0,0.544838430367283,11.746053,0.17790519,0.6169533,0.13822684,10.812967,0.3630634,0.18724747,215.301513671875,12.15570722706616,0.7622913108207285,0.7175406062742695,0.7132152677513659,118.091965,0.0,6.8226857,0.9965558326712198,1.8850632,/glade/u/home/adamhb/ahb_params/fates_api_25/ensembles/CZ2_equilibrium_110323_03/CZ2_equilibrium_110323_0029.nc,46.565518277737446,0.037,56.56565656565656,28.28282828282828,5,CZ2_trans_1950_2020_111223_-17e2acb6a_FATES-8a054a12_0006,10.927910804748535,2,0.0735568485844295,25.353357,0.08474278,0.2788504,0.12953246,24.860231,0.0011287065,2.5488578e-06,214.36765789985657,70.58737333863974,24.130912497639656,5.47605159226805,0.3274019036325626,1.1601659,0.0,0.01022309,1.1078278687364218,1.929872,0.011,88.48167539267016,58.63874345549738,/glade/u/home/adamhb/ahb_params/fates_api_25/ensembles/CZ2_trans_110923_01/ca_5pfts_100523_0006.nc,46.565518277737446,0.5,5,STAN_equilibrium_111023_01_-17e2acb6a_FATES-8a054a12_0006,19.41864585876465,1,0.7157464826569525,43.95601,4.9749417,17.906487,2.7595923,18.314987,0.0005178825,5.0475554e-11,318.2907029986381,51.65508482605219,23.63947220146656,22.473593708127737,18.6115293763578,6.782147,0.0,0.0047008805,0.9826634098430986,1.8168807,0.01,45.794392523364486,14.018691588785046,/glade/u/home/adamhb/ahb_params/fates_api_25/ensembles/STAN_equilibrium_111023_01/ca_5pfts_100523_0006.nc,46.565518277737446,1.0,0.5
6,6,CZ2_equilibrium_110323_02_-17e2acb6a_FATES-8a054a12_0002,CZ2_trans_110923_0007,3.4473619207970523,2.8337221145629883,0,0.5445886700495599,9.392188,0.15066431,0.4177048,0.80517095,8.018648,0.1307388,0.07499893,316.09054654836655,7.435038569383323,1.703643356449902,1.4659875887446103,0.8822667587082833,108.78798,0.0,1.5114657,0.6420713885688656,1.2097266,/glade/u/home/adamhb/ahb_params/fates_api_25/ensembles/CZ2_equilibrium_110323_02/CZ2_equilibrium_110323_0002.nc,48.367349970273054,0.026,67.98418972332016,30.8300395256917,6,CZ2_trans_1950_2020_111223_-17e2acb6a_FATES-8a054a12_0007,3.9171862602233887,1,0.2475795812835344,10.630427,0.0557165,0.18411797,0.38791442,10.002679,0.021445831,0.0032500457,230.6424081325531,13.08242790400982,4.793244006577879,0.6936302816029638,0.0627942517894553,28.745317,0.00032640345,0.31526577,0.7895893526210784,1.6508646,0.018,90.0,62.0,/glade/u/home/adamhb/ahb_params/fates_api_25/ensembles/CZ2_trans_110923_01/ca_5pfts_100523_0007.nc,48.367349970273054,0.5,6,STAN_equilibrium_111023_01_-17e2acb6a_FATES-8a054a12_0007,7.846895694732666,1,0.8293383195428597,22.281765,5.8567257,5.323967,3.0233214,8.077752,0.000959533,3.829834e-06,441.5955394506455,34.53031415119767,18.5042480006814,12.348152231425049,0.3229825233574956,20.48683,0.0,0.0077149686,0.7352252502812462,1.2651544,0.01,51.21951219512195,10.731707317073171,/glade/u/home/adamhb/ahb_params/fates_api_25/ensembles/STAN_equilibrium_111023_01/ca_5pfts_100523_0007.nc,48.367349970273054,1.0,0.5
7,7,CZ2_equilibrium_110323_02_-17e2acb6a_FATES-8a054a12_0025,CZ2_trans_110923_0008,3.701943477948042,5.885555267333984,0,0.5440976673371676,26.043625,22.395737,1.9853976,0.64865196,1.0138389,0.23144099,0.0003489051,932.401567697525,22.159265354275703,2.00655878870748,0.2733806286414619,0.0536069364898139,9.099262,0.0,4.312705,0.975657537992447,1.5061455,/glade/u/home/adamhb/ahb_params/fates_api_25/ensembles/CZ2_equilibrium_110323_02/CZ2_equilibrium_110323_0025.nc,67.16392128282433,0.036,30.82191780821918,7.534246575342466,7,CZ2_trans_1950_2020_111223_-17e2acb6a_FATES-8a054a12_0008,16.624088287353516,1,0.3113026821329476,53.72158,47.2182,6.369364,0.11416936,0.019846393,0.06343802,0.005989647,304.4690005481243,122.64039367437364,79.85841482877731,17.056803917512298,0.4480326970224269,0.090483725,0.00038016503,1.5796297,1.2046088609167782,2.5492907,0.004,71.31782945736434,34.88372093023256,/glade/u/home/adamhb/ahb_params/fates_api_25/ensembles/CZ2_trans_110923_01/ca_5pfts_100523_0008.nc,67.16392128282433,0.625,7,STAN_equilibrium_111023_01_-17e2acb6a_FATES-8a054a12_0008,15.566868782043455,2,0.4124129841611078,61.05194,40.65567,20.11406,0.24489707,0.037316527,0.0003289646,0.00013522379,384.3109682202339,138.8663984835148,86.07223629951477,51.33803468197584,0.745270517654717,1.1820632,0.0,0.0032369317,1.0661389482606864,2.5184393,0.008,21.428571428571427,4.285714285714286,/glade/u/home/adamhb/ahb_params/fates_api_25/ensembles/STAN_equilibrium_111023_01/ca_5pfts_100523_0008.nc,67.16392128282433,0.6666666666666666,0.625
8,8,CZ2_equilibrium_110523_01_-17e2acb6a_FATES-8a054a12_0049,CZ2_trans_110923_0009,3.572797865992153,4.847436428070068,0,0.5385942742864118,14.034696,0.14266163,13.054911,0.48061043,0.3565121,0.5261481,0.4790356,257.2101913392544,24.339896626770496,3.4030972165055573,0.0,0.0,2.3723013,0.0,10.9527235,0.7731548350022877,2.409068,/glade/u/home/adamhb/ahb_params/fates_api_25/ensembles/CZ2_equilibrium_110523_01/CZ2_equilibrium_110523_0049.nc,48.21443066491933,0.012,43.63636363636363,15.151515151515152,8,CZ2_trans_1950_2020_111223_-17e2acb6a_FATES-8a054a12_0009,12.18527603149414,0,0.3132874322734309,37.0555,0.17584051,35.952747,0.5303385,0.39657098,0.23787229,0.17949452,583.2402780652046,73.86331912130117,17.024476546794176,0.0216030002775369,0.0,0.24643217,0.0,4.870799,1.0435380063427149,2.2958899,0.003,61.97183098591549,22.53521126760564,/glade/u/home/adamhb/ahb_params/fates_api_25/ensembles/CZ2_trans_110923_01/ca_5pfts_100523_0009.nc,48.21443066491933,1.0,8,STAN_equilibrium_111023_01_-17e2acb6a_FATES-8a054a12_0009,18.235639572143555,1,0.2469922334545115,50.864185,1.4212538,46.23503,2.4086537,0.7992475,0.00035672507,0.0002674149,447.7987438440323,162.74580731987953,43.75674296170473,2.336773613933474,0.0139696385303977,0.12593225,0.0,0.0058827386,0.854399073091372,1.2913976,0.002,7.766990291262135,0.0,/glade/u/home/adamhb/ahb_params/fates_api_25/ensembles/STAN_equilibrium_111023_01/ca_5pfts_100523_0009.nc,48.21443066491933,1.0,1.0
9,9,CZ2_equilibrium_110323_01_-17e2acb6a_FATES-8a054a12_0033,CZ2_trans_110923_0010,3.5633176211754414,2.9440810680389404,0,0.520408878910555,7.797829,0.11273352,6.7023015,0.17345072,0.8093435,0.546115,0.49347103,96.64855897426604,7.5484218541532755,3.0156559660099447,1.5870892093516886,0.3239775105612352,12.212893,1.7375244,13.855428,1.03483531324855,1.1933079,/glade/u/home/adamhb/ahb_params/fates_api_25/ensembles/CZ2_equilibrium_110323_01/CZ2_equilibrium_110323_0033.nc,63.42289648599541,0.073,26.73267326732673,0.0,9,CZ2_trans_1950_2020_111223_-17e2acb6a_FATES-8a054a12_0010,18.98507499694824,3,0.0257713488590778,53.691067,0.0016712226,53.577408,0.09640466,0.01558165,0.020026239,2.397363e-06,275.8677117526531,109.85145345330238,65.46004209667444,29.91555957123637,2.617715217638761,0.0,0.0,0.20886418,1.1853422931835669,1.3164968,0.001,32.95454545454545,0.0,/glade/u/home/adamhb/ahb_params/fates_api_25/ensembles/CZ2_trans_110923_01/ca_5pfts_100523_0010.nc,63.42289648599541,0.875,9,STAN_equilibrium_111023_01_-17e2acb6a_FATES-8a054a12_0010,17.688405990600586,3,0.0524719660889015,53.882805,0.02863689,53.105114,0.693211,0.055844814,0.0009958751,0.00075297547,405.4875299334526,87.35761046409607,51.26361269503832,34.9888252094388,20.8634533919394,0.06144454,0.0,0.018053079,0.9320704633069,1.2946491,0.005,0.0,0.0,/glade/u/home/adamhb/ahb_params/fates_api_25/ensembles/STAN_equilibrium_111023_01/ca_5pfts_100523_0010.nc,63.42289648599541,1.0,0.875
10,10,CZ2_equilibrium_110323_02_-17e2acb6a_FATES-8a054a12_0001,CZ2_trans_110923_0011,3.5833946246003934,7.310559749603271,0,0.5133605938589361,24.418407,21.860128,0.5358291,0.23403195,1.7884173,0.5503004,0.22457701,392.0185938477516,80.47821000218391,4.138598742429167,0.0485207510791951,0.0036972522821088,88.84401,0.0,5.753283,0.9916589712588576,0.75034714,/glade/u/home/adamhb/ahb_params/fates_api_25/ensembles/CZ2_equilibrium_110323_02/CZ2_equilibrium_110323_0001.nc,77.9361297088121,0.043,0.78125,0.0,10,CZ2_trans_1950_2020_111223_-17e2acb6a_FATES-8a054a12_0011,15.831501007080078,2,0.3780934944530429,43.148018,34.433315,1.5494477,0.03983463,7.1254215,0.0036569845,1.3103188e-06,243.62053722143173,92.0200441032648,54.52262237668037,27.63467840850353,0.0779360834712861,3.5768497,0.0,0.028844742,1.26300460829043,0.9296446,0.004,24.75247524752476,0.0,/glade/u/home/adamhb/ahb_params/fates_api_25/ensembles/CZ2_trans_110923_01/ca_5pfts_100523_0011.nc,77.9361297088121,0.625,10,STAN_equilibrium_111023_01_-17e2acb6a_FATES-8a054a12_0011,24.860326766967773,1,0.2927569045430095,57.63127,49.282093,7.5314665,0.58841354,0.22929819,0.001936635,0.0016990959,200.8218504488468,88.01139891147614,79.25352081656456,50.57038273662329,16.441260231658816,0.2034746,0.0,0.017412644,1.155206098076178,0.99200916,0.008,0.0,0.0,/glade/u/home/adamhb/ahb_params/fates_api_25/ensembles/STAN_equilibrium_111023_01/ca_5pfts_100523_0011.nc,77.9361297088121,1.0,0.625
11,11,CZ2_equilibrium_110523_01_-17e2acb6a_FATES-8a054a12_0004,CZ2_trans_110923_0012,3.5312254183917355,4.804962635040283,0,0.5027400400162525,9.03652,1.056269,1.9115616,0.15879387,5.909896,1.0972996,0.33172303,208.36852490901947,5.218901205807924,2.206310455221683,1.5261098451446742,0.8579660789109766,10.558537,0.0,26.078533,0.9719626243054336,2.353869,/glade/u/home/adamhb/ahb_params/fates_api_25/ensembles/CZ2_equilibrium_110523_01/CZ2_equilibrium_110523_0004.nc,60.01087732153318,0.02,84.30232558139535,67.44186046511628,11,CZ2_trans_1950_2020_111223_-17e2acb6a_FATES-8a054a12_0012,6.029016017913818,0,0.6917286801937663,17.33039,1.3671571,2.666618,0.11015423,13.186461,0.21638793,0.042659063,250.408798456192,15.996168367564678,3.6619958700612174,1.4108250616118312,0.3251402085879817,15.9089365,0.0,6.213704,1.020456083665522,1.9803843,0.02,93.30143540669856,74.16267942583733,/glade/u/home/adamhb/ahb_params/fates_api_25/ensembles/CZ2_trans_110923_01/ca_5pfts_100523_0012.nc,60.01087732153318,0.625,11,STAN_equilibrium_111023_01_-17e2acb6a_FATES-8a054a12_0012,24.953468322753903,1,0.5639385395757976,62.486626,26.065773,34.0721,2.314132,0.034618255,0.048921045,0.0066375528,609.4269454479218,147.2995337098837,62.53390107303858,40.22744484245777,14.786951942369342,0.022156054,0.0,1.369533,1.1240131569820733,1.7005844,0.002,29.6875,0.0,/glade/u/home/adamhb/ahb_params/fates_api_25/ensembles/STAN_equilibrium_111023_01/ca_5pfts_100523_0012.nc,60.01087732153318,1.0,0.625
12,12,CZ2_equilibrium_110323_01_-17e2acb6a_FATES-8a054a12_0011,CZ2_trans_110923_0013,3.3518372203084046,3.124717235565185,0,0.496764198511583,8.886395,0.34967715,7.5253606,0.5950821,0.4162763,1.2813085,0.69555825,140.94941318035126,8.49591800943017,2.798628411255777,1.9887492817360908,1.593358174432069,14.79046,0.0,19.997393,0.9230321032305256,1.0174432,/glade/u/home/adamhb/ahb_params/fates_api_25/ensembles/CZ2_equilibrium_110323_01/CZ2_equilibrium_110323_0011.nc,54.44644521019623,0.063,9.6,0.0,12,CZ2_trans_1950_2020_111223_-17e2acb6a_FATES-8a054a12_0013,20.672027587890625,1,0.1269662537691803,62.226418,0.17519736,59.509655,2.541108,0.00045856726,0.010922485,0.0039409464,467.3396423459053,191.98408350348475,48.70072472840548,5.1665399223566055,2.1061173174530268,0.0,0.0,0.12866634,1.2844593975955831,0.8516836,0.001,7.4074074074074066,0.0,/glade/u/home/adamhb/ahb_params/fates_api_25/ensembles/CZ2_trans_110923_01/ca_5pfts_100523_0013.nc,54.44644521019623,0.875,12,STAN_equilibrium_111023_01_-17e2acb6a_FATES-8a054a12_0013,18.123767852783203,1,0.3776699314705696,55.35163,4.577144,48.46423,2.3076205,0.0026352867,0.1148823,0.11109952,266.0571224987507,103.58522646129131,65.80798886716366,30.71567276492715,16.760712023824453,2.0645542,0.0,2.3661735,0.9998565953424076,0.8207531,0.006,0.0,0.0,/glade/u/home/adamhb/ahb_params/fates_api_25/ensembles/STAN_equilibrium_111023_01/ca_5pfts_100523_0013.nc,54.44644521019623,1.0,0.875
13,13,CZ2_equilibrium_110523_01_-17e2acb6a_FATES-8a054a12_0012,CZ2_trans_110923_0014,3.40950439827449,9.765457153320312,0,0.4929429841606525,34.427887,31.087986,1.0898817,1.8838485,0.3661677,0.26218024,0.19578575,279.98175472021103,92.2805443406105,86.35192178189754,2.232305123470724,1.2918659194838256,20.240143,0.0,6.9756236,0.8244940131589829,0.6999531,/glade/u/home/adamhb/ahb_params/fates_api_25/ensembles/CZ2_equilibrium_110523_01/CZ2_equilibrium_110523_0012.nc,48.96612459046301,0.06,4.511278195488721,0.0,13,CZ2_trans_1950_2020_111223_-17e2acb6a_FATES-8a054a12_0014,21.949907302856445,1,0.5164318976710801,70.20923,39.922836,27.831097,2.4305656,0.024726683,0.01701309,0.00011333576,234.9410019814968,141.78155921399593,80.89466020464897,69.61781997233629,2.823776740115136,0.020554477,0.0,0.30119845,1.1212283310442217,0.94761944,0.002,18.9873417721519,0.0,/glade/u/home/adamhb/ahb_params/fates_api_25/ensembles/CZ2_trans_110923_01/ca_5pfts_100523_0014.nc,48.96612459046301,0.875,13,STAN_equilibrium_111023_01_-17e2acb6a_FATES-8a054a12_0014,18.879301071166992,2,0.5310242479305101,63.258354,23.467428,36.15639,3.6313164,0.0032190413,0.0019749638,0.0010663914,311.6847015917301,153.40332873165607,118.41720901429652,24.117652792483568,5.604082834906876,0.018937288,0.0,0.01935573,1.0099564070173983,0.7189264,0.009,0.0,0.0,/glade/u/home/adamhb/ahb_params/fates_api_25/ensembles/STAN_equilibrium_111023_01/ca_5pfts_100523_0014.nc,48.96612459046301,1.0,0.875
14,14,CZ2_equilibrium_110323_04_-17e2acb6a_FATES-8a054a12_0004,CZ2_trans_110923_0015,3.546951759719278,4.53823184967041,0,0.4858779965729581,10.626664,0.72059834,9.303369,0.34482306,0.25787422,0.91941047,0.63809955,132.98384845256805,23.73324241489172,8.667548536323011,0.3785679291468113,0.3313438719487749,2.084458,0.0,22.997772,0.949981926851251,1.9159098,/glade/u/home/adamhb/ahb_params/fates_api_25/ensembles/CZ2_equilibrium_110323_04/CZ2_equilibrium_110323_0004.nc,45.02199965779333,0.039,39.34426229508197,10.655737704918032,14,CZ2_trans_1950_2020_111223_-17e2acb6a_FATES-8a054a12_0015,11.904314041137695,1,0.447994978203571,36.34632,2.7647405,33.427105,0.10066562,0.053811494,0.34303033,0.21114732,294.01857405900955,98.0875175446272,64.18939679861069,0.5648275691783056,0.3739914973266423,0.02725566,0.0,8.181963,1.1912811115166733,3.0199614,0.003,76.98412698412699,35.714285714285715,/glade/u/home/adamhb/ahb_params/fates_api_25/ensembles/CZ2_trans_110923_01/ca_5pfts_100523_0015.nc,45.02199965779333,0.75,14,STAN_equilibrium_111023_01_-17e2acb6a_FATES-8a054a12_0015,13.741533279418944,0,0.2187406343717716,43.80841,2.7054095,40.400936,0.46316317,0.23890352,0.008540866,0.007276887,406.82654827833176,89.75828997790813,58.32148715853691,10.431845439597964,2.6218435959890485,0.18752216,0.0,0.21153371,0.9846349491908768,1.7436571,0.005,10.44776119402985,0.0,/glade/u/home/adamhb/ahb_params/fates_api_25/ensembles/STAN_equilibrium_111023_01/ca_5pfts_100523_0015.nc,45.02199965779333,1.0,0.75
15,15,CZ2_equilibrium_110523_02_-17e2acb6a_FATES-8a054a12_0031,CZ2_trans_110923_0016,3.765946824558528,2.153515577316284,0,0.4641909941329369,5.3639374,3.4575384,1.4188643,0.16221595,0.3253184,1.5848107,0.7711347,228.5528928041458,6.805746234022081,1.0350420052418483,0.0237792596635699,7.4354195023218494e-06,9.215152,0.0,18.035772,0.9040260247275,2.018484,/glade/u/home/adamhb/ahb_params/fates_api_25/ensembles/CZ2_equilibrium_110523_02/CZ2_equilibrium_110523_0031.nc,79.86435368588913,0.057,22.88135593220339,0.0,15,CZ2_trans_1950_2020_111223_-17e2acb6a_FATES-8a054a12_0016,9.81490421295166,1,0.5405870238676763,38.94504,19.421144,19.226515,0.097002946,0.20037688,0.11196396,0.019552946,516.4697393774986,67.20563862472773,23.37709534913301,2.5738112162798643,0.0861144144437275,0.365434,0.0,1.5221548,1.1873543904243888,2.1508656,0.003,65.13761467889908,27.52293577981652,/glade/u/home/adamhb/ahb_params/fates_api_25/ensembles/CZ2_trans_110923_01/ca_5pfts_100523_0016.nc,79.86435368588913,0.875,15,STAN_equilibrium_111023_01_-17e2acb6a_FATES-8a054a12_0016,14.971320152282717,1,0.5751260167493986,49.267586,29.380112,15.575232,0.7296514,3.5825882,0.00017512431,7.2513703e-06,299.1933375597,58.02100524306297,56.205797009170055,35.41536396369338,13.310837093740702,24.84086,0.0,0.0014364761,0.8917322775232606,1.2183785,0.013,0.0,0.0,/glade/u/home/adamhb/ahb_params/fates_api_25/ensembles/STAN_equilibrium_111023_01/ca_5pfts_100523_0016.nc,79.86435368588913,0.6666666666666666,0.875
16,16,CZ2_equilibrium_110523_05_-17e2acb6a_FATES-8a054a12_0037,CZ2_trans_110923_0017,3.652633710017229,7.586373329162598,0,0.4623312352546593,28.143509,23.376509,4.218513,0.12489381,0.423593,0.21940173,0.043542005,483.4071174263954,15.851188218221068,2.521674323361367,0.2846853749360889,0.009783752830117,4.3273587,0.0,2.14112,0.8535818651580485,0.8944268,/glade/u/home/adamhb/ahb_params/fates_api_25/ensembles/CZ2_equilibrium_110523_05/CZ2_equilibrium_110523_0037.nc,45.68826109895174,0.031,2.5210084033613445,0.0,16,CZ2_trans_1950_2020_111223_-17e2acb6a_FATES-8a054a12_0017,23.240497589111328,1,0.3277895295829363,57.4977,47.004726,10.30359,0.14150612,0.047879785,0.024146354,0.0040498246,246.1978793144226,99.22634810209274,84.59053002297878,55.81784062087536,3.461945743765682,0.0018379112,2.5504844e-05,0.3513127,1.0250236642832533,1.0673609,0.001,3.488372093023256,0.0,/glade/u/home/adamhb/ahb_params/fates_api_25/ensembles/CZ2_trans_110923_01/ca_5pfts_100523_0017.nc,45.68826109895174,0.875,16,STAN_equilibrium_111023_01_-17e2acb6a_FATES-8a054a12_0017,19.04366111755371,1,0.5174228283978474,48.91963,19.886015,27.39465,0.79506004,0.8439076,0.0041886615,7.990744e-10,317.0411288738251,74.78157989680767,33.4008620120585,28.71996024623513,14.286180958151816,0.18460281,0.0,0.03384993,0.9932840879400828,0.84988356,0.007,0.0,0.0,/glade/u/home/adamhb/ahb_params/fates_api_25/ensembles/STAN_equilibrium_111023_01/ca_5pfts_100523_0017.nc,45.68826109895174,0.6666666666666666,0.875
17,17,CZ2_equilibrium_110523_05_-17e2acb6a_FATES-8a054a12_0060,CZ2_trans_110923_0018,3.526207949147086,2.256002187728882,0,0.4328677764452445,5.1935544,0.33758137,4.2899055,0.43895805,0.1271095,1.2737002,0.8543768,71.62749767303467,5.497857346199453,4.631534102372825,1.1101781274192035,0.8178404823411256,3.3472953,0.00017757568,16.795395,0.5814578975105178,0.72913265,/glade/u/home/adamhb/ahb_params/fates_api_25/ensembles/CZ2_equilibrium_110523_05/CZ2_equilibrium_110523_0060.nc,48.77324575812423,0.034,0.7633587786259541,0.0,17,CZ2_trans_1950_2020_111223_-17e2acb6a_FATES-8a054a12_0018,4.380049228668213,0,0.43502514414814,25.771559,0.17084464,25.224098,0.25370702,0.12290724,0.8330832,0.62859493,190.7634735107422,61.62215489894152,50.918953493237495,0.1081221307686064,0.0089393529378867,0.0643367,8.007691e-05,11.163084,0.8239659762807605,1.3254232,0.002,55.65217391304348,6.086956521739131,/glade/u/home/adamhb/ahb_params/fates_api_25/ensembles/CZ2_trans_110923_01/ca_5pfts_100523_0018.nc,48.77324575812423,0.875,17,STAN_equilibrium_111023_01_-17e2acb6a_FATES-8a054a12_0018,10.511167526245115,1,0.1875475001828933,41.2427,0.32187533,39.490646,1.4125692,0.01760572,0.059292205,0.05765976,520.4979330301285,110.61432771384716,26.89519664272666,10.571199236437678,6.003644084557891,1.9269797,0.011409645,0.95387733,0.869383870110596,0.64215755,0.008,0.0,0.0,/glade/u/home/adamhb/ahb_params/fates_api_25/ensembles/STAN_equilibrium_111023_01/ca_5pfts_100523_0018.nc,48.77324575812423,1.0,0.875
18,18,CZ2_equilibrium_110523_04_-17e2acb6a_FATES-8a054a12_0003,CZ2_trans_110923_0019,3.4903135923502253,9.933841705322266,0,0.3627919715476935,32.983543,0.47726455,32.1769,0.10876629,0.22061434,0.39725652,0.03710998,674.9136000871658,30.519787687808275,13.709368649870155,9.692591265775263,1.1205567716388032,0.88351005,0.0010071986,7.2231474,0.9568434932702984,2.7425013,/glade/u/home/adamhb/ahb_params/fates_api_25/ensembles/CZ2_equilibrium_110523_04/CZ2_equilibrium_110523_0003.nc,52.73835422248322,0.02,74.80314960629921,40.94488188976378,18,CZ2_trans_1950_2020_111223_-17e2acb6a_FATES-8a054a12_0019,23.75201416015625,2,0.0289341370165444,63.85689,0.17563578,63.59818,0.07396488,0.009113503,0.012081403,2.340242e-06,374.5938464999199,122.0581866800785,74.39166773110628,41.44853912293911,32.62595972046256,0.0,0.0,0.15800838,1.161018649156631,2.8669682,0.004,82.57575757575758,41.66666666666667,/glade/u/home/adamhb/ahb_params/fates_api_25/ensembles/CZ2_trans_110923_01/ca_5pfts_100523_0019.nc,52.73835422248322,0.75,18,STAN_equilibrium_111023_01_-17e2acb6a_FATES-8a054a12_0019,24.695945739746094,1,0.5309243289896416,61.11896,20.636847,37.40361,3.0421047,0.03639684,0.015542905,0.0007115284,195.7279071211815,88.84653449058533,73.15134163945913,42.65285562723875,26.951588224619627,0.065845735,0.00016946839,0.39603034,1.009385459440182,2.0889235,0.003,27.3972602739726,2.73972602739726,/glade/u/home/adamhb/ahb_params/fates_api_25/ensembles/STAN_equilibrium_111023_01/ca_5pfts_100523_0019.nc,52.73835422248322,1.0,0.75
19,19,CZ2_equilibrium_110523_01_-17e2acb6a_FATES-8a054a12_0030,CZ2_trans_110923_0020,3.6634923793402607,3.0137834548950195,0,0.2855376499619171,3.5108185,0.45410085,2.3995068,0.4167656,0.24044508,1.098427,0.88759637,50.586313009262085,7.363059557974338,1.122640969697386,0.0164521713941212,0.0009116102006601,1.0084046,0.012705114,27.723694,1.1184352142663556,1.4831657,/glade/u/home/adamhb/ahb_params/fates_api_25/ensembles/CZ2_equilibrium_110523_01/CZ2_equilibrium_110523_0030.nc,47.53298131887468,0.051,34.42622950819672,5.737704918032787,19,CZ2_trans_1950_2020_111223_-17e2acb6a_FATES-8a054a12_0020,8.827933311462402,1,0.343746043736692,34.26385,0.6765707,28.654375,0.07835948,4.854547,0.01898536,8.6838525e-05,417.75621473789215,36.39357630163431,0.8653366967337206,0.1285788039240287,0.1159908970294054,1.2345682,0.0,0.22110747,1.114199827441098,1.1871195,0.003,32.94117647058823,1.1764705882352942,/glade/u/home/adamhb/ahb_params/fates_api_25/ensembles/CZ2_trans_110923_01/ca_5pfts_100523_0020.nc,47.53298131887468,0.625,19,STAN_equilibrium_111023_01_-17e2acb6a_FATES-8a054a12_0020,10.15889835357666,0,0.6815591688940172,31.78675,4.955422,18.45029,1.263507,7.1175313,0.007298501,0.00706701,258.71727615594864,107.70974680781364,26.87883796170354,4.80987859191373,0.1668722325121052,2.0177639,0.0,0.17528754,0.8246781482341703,0.67107725,0.008,0.0,0.0,/glade/u/home/adamhb/ahb_params/fates_api_25/ensembles/STAN_equilibrium_111023_01/ca_5pfts_100523_0020.nc,47.53298131887468,0.6666666666666666,0.625
20,20,CZ2_equilibrium_110523_04_-17e2acb6a_FATES-8a054a12_0060,CZ2_trans_110923_0021,3.498823987292106,4.788705825805664,1,0.6591180710225786,15.335295,12.012818,2.7443736,0.51383156,0.06427184,0.40638864,0.3561047,217.86734461784363,26.29827475175261,4.549880977720022,2.1673836454283446,0.1319121838605497,0.8405263,0.0,8.003476,0.983311551863153,2.8148384,/glade/u/home/adamhb/ahb_params/fates_api_25/ensembles/CZ2_equilibrium_110523_04/CZ2_equilibrium_110523_0060.nc,64.05756684686415,0.017,78.16901408450704,50.0,20,CZ2_trans_1950_2020_111223_-17e2acb6a_FATES-8a054a12_0021,11.636798858642578,1,0.4225915689006317,34.637554,30.83938,3.4395854,0.34306434,0.015524124,0.23833892,0.19526328,255.9475228190422,105.19854724407196,26.41347702592612,2.8193293837830424,0.3065902637899853,0.22352211,0.058212735,4.1225147,1.3046129731719702,3.1499996,0.011,93.43065693430655,72.26277372262774,/glade/u/home/adamhb/ahb_params/fates_api_25/ensembles/CZ2_trans_110923_01/ca_5pfts_100523_0021.nc,64.05756684686415,0.75,20,STAN_equilibrium_111023_01_-17e2acb6a_FATES-8a054a12_0021,14.29314136505127,0,0.5217684505333211,42.646057,33.869835,7.493667,1.0384685,0.24408633,0.2698301,0.13889095,492.7493259310722,116.15240015089512,40.254159830510616,7.529195281676948,0.6994012073846534,0.28143537,0.011412896,3.738807,1.190790719533652,2.0990953,0.004,40.2439024390244,21.951219512195124,/glade/u/home/adamhb/ahb_params/fates_api_25/ensembles/STAN_equilibrium_111023_01/ca_5pfts_100523_0021.nc,64.05756684686415,0.6666666666666666,0.75
21,21,CZ2_equilibrium_110523_05_-17e2acb6a_FATES-8a054a12_0014,CZ2_trans_110923_0022,3.5404075093971232,7.442840576171875,1,0.632054259275274,30.301744,11.791024,18.27662,0.01196473,0.22213371,0.43510288,0.2080983,512.9730328917503,42.95234102755785,13.930246932432055,11.162968585267665,0.1979991247935686,1.8357052,0.0,4.9524136,0.9168154297185538,0.8462019,/glade/u/home/adamhb/ahb_params/fates_api_25/ensembles/CZ2_equilibrium_110523_05/CZ2_equilibrium_110523_0014.nc,54.22449328614248,0.018,4.032258064516129,0.0,21,CZ2_trans_1950_2020_111223_-17e2acb6a_FATES-8a054a12_0022,10.50681209564209,1,0.3743827168262302,37.644608,6.568133,30.851906,0.015509865,0.20905553,0.06920849,0.0003435392,376.3077035546303,66.83485582470894,15.371284680441022,3.4106412203982472,1.0987449786625805,0.079321526,0.0,0.9448702,1.182057776077272,1.1158323,0.002,28.23529411764705,0.0,/glade/u/home/adamhb/ahb_params/fates_api_25/ensembles/CZ2_trans_110923_01/ca_5pfts_100523_0022.nc,54.22449328614248,0.875,21,STAN_equilibrium_111023_01_-17e2acb6a_FATES-8a054a12_0022,15.807159423828123,1,0.4095838486048344,46.26569,33.016956,12.759644,0.20034909,0.28874302,0.0032148713,0.0017862519,301.9654005765915,188.86426463723183,26.435910258442163,10.133617324754596,1.206730303238146,0.77410674,0.0,0.05137884,0.9651420639329444,0.71831226,0.003,0.0,0.0,/glade/u/home/adamhb/ahb_params/fates_api_25/ensembles/STAN_equilibrium_111023_01/ca_5pfts_100523_0022.nc,54.22449328614248,1.0,0.875
22,22,CZ2_equilibrium_110523_02_-17e2acb6a_FATES-8a054a12_0068,CZ2_trans_110923_0023,3.588297425984072,8.410599708557129,1,0.6295939868216879,21.388954,6.3418927,14.801106,0.23144075,0.014512247,1.1173087,0.58336955,272.53106236457825,52.68072709441185,13.093804009258749,0.930648748180829,0.1546390922158025,0.20326665,2.0212789,23.202505,1.1472177616838053,1.6722269,/glade/u/home/adamhb/ahb_params/fates_api_25/ensembles/CZ2_equilibrium_110523_02/CZ2_equilibrium_110523_0068.nc,48.922980591351305,0.017,68.84057971014492,32.608695652173914,22,CZ2_trans_1950_2020_111223_-17e2acb6a_FATES-8a054a12_0023,16.45128059387207,1,0.5364139452257186,48.63826,11.61557,36.812706,0.17734045,0.032641675,0.380689,0.14599529,441.383495926857,102.41487994790076,51.935408264398575,14.984406298026444,2.718392061069608,0.010539564,0.0019938045,6.1014566,1.202028056866311,1.5776892,0.004,83.07692307692308,26.923076923076923,/glade/u/home/adamhb/ahb_params/fates_api_25/ensembles/CZ2_trans_110923_01/ca_5pfts_100523_0023.nc,48.922980591351305,0.875,22,STAN_equilibrium_111023_01_-17e2acb6a_FATES-8a054a12_0023,24.80750274658203,1,0.6273723643514066,65.38459,32.827187,30.636047,1.8934952,0.027862834,0.21504636,0.1295268,313.8056769967079,151.46000310778618,75.75499825179577,33.300938084721565,16.5694544557482,0.056884542,0.21846338,5.1609025,1.041714357654655,1.1101332,0.001,3.896103896103896,0.0,/glade/u/home/adamhb/ahb_params/fates_api_25/ensembles/STAN_equilibrium_111023_01/ca_5pfts_100523_0023.nc,48.922980591351305,1.0,0.875
23,23,CZ2_equilibrium_110523_01_-17e2acb6a_FATES-8a054a12_0072,CZ2_trans_110923_0024,3.637412907031042,3.421666145324707,1,0.5985702667154645,9.0034275,2.6168988,5.82142,0.4949518,0.07015635,1.246605,0.6913793,162.66293823719025,9.59695316851139,1.656625245232135,0.3379497866262682,0.0683023245073854,1.5256417,0.026481528,15.609698,0.8978924836924307,1.2689629,/glade/u/home/adamhb/ahb_params/fates_api_25/ensembles/CZ2_equilibrium_110523_01/CZ2_equilibrium_110523_0072.nc,50.6079025064076,0.049,20.0,1.4285714285714286,23,CZ2_trans_1950_2020_111223_-17e2acb6a_FATES-8a054a12_0024,12.379053115844728,1,0.1543548761432035,39.08144,1.0416791,37.809658,0.16513748,0.06496477,0.064407505,7.985302e-05,752.1165907382965,105.9161312878132,29.603797011077404,1.4816669863648713,0.2430576023471076,0.018986184,0.0,0.70411444,1.276279699652605,1.4166098,0.003,45.08196721311475,4.098360655737705,/glade/u/home/adamhb/ahb_params/fates_api_25/ensembles/CZ2_trans_110923_01/ca_5pfts_100523_0024.nc,50.6079025064076,0.875,23,STAN_equilibrium_111023_01_-17e2acb6a_FATES-8a054a12_0024,13.175436973571776,2,0.3301532532304275,39.472366,5.55601,32.966976,0.8900412,0.059336655,0.0040954594,0.0024882401,384.9510475993157,113.53082023561,40.18969368189573,10.040615452453494,1.94787047803402,0.5064581,0.0,0.05414503,1.0052050834588044,0.9151869,0.006,0.0,0.0,/glade/u/home/adamhb/ahb_params/fates_api_25/ensembles/STAN_equilibrium_111023_01/ca_5pfts_100523_0024.nc,50.6079025064076,1.0,0.875
24,24,CZ2_equilibrium_110523_02_-17e2acb6a_FATES-8a054a12_0057,CZ2_trans_110923_0025,3.6791704105936702,6.429733753204346,1,0.5655343169082967,21.193872,19.130955,0.8323931,0.05781316,1.1727103,0.6768867,0.28334665,575.6456404924393,23.7344391644001,0.4253409497323446,0.0245651108343736,0.0002554155642542,3.417828,0.03899533,13.532539,1.037789989368321,2.7136173,/glade/u/home/adamhb/ahb_params/fates_api_25/ensembles/CZ2_equilibrium_110523_02/CZ2_equilibrium_110523_0057.nc,70.80137785217462,0.024,60.36036036036037,26.126126126126124,24,CZ2_trans_1950_2020_111223_-17e2acb6a_FATES-8a054a12_0025,16.097213745117188,1,0.269182978457058,48.30143,45.8783,2.2536361,0.04450809,0.12498463,0.15263121,0.04513043,433.0093041062355,197.50863313674927,41.79240204393864,0.3027067396033089,0.0265369294538686,0.033785425,0.10816488,3.1993444,1.2658184521683324,2.8474264,0.002,69.36936936936937,31.53153153153153,/glade/u/home/adamhb/ahb_params/fates_api_25/ensembles/CZ2_trans_110923_01/ca_5pfts_100523_0025.nc,70.80137785217462,0.625,24,STAN_equilibrium_111023_01_-17e2acb6a_FATES-8a054a12_0025,16.150434494018555,1,0.1905909355728715,48.80794,45.59199,1.7216668,0.20807229,1.2862091,0.0020122516,0.00016682097,602.5239080190659,122.09239415824412,48.33569284528494,2.2248041932471097,0.0555928636458702,2.0552807,0.0,0.037241764,1.1070785560605143,2.2375298,0.002,18.0,0.0,/glade/u/home/adamhb/ahb_params/fates_api_25/ensembles/STAN_equilibrium_111023_01/ca_5pfts_100523_0025.nc,70.80137785217462,1.0,0.625
25,25,CZ2_equilibrium_110523_07_-17e2acb6a_FATES-8a054a12_0054,CZ2_trans_110923_0026,3.641238544224431,4.100561141967773,1,0.5380864949690479,16.811821,0.7249016,15.499996,0.08213289,0.5047914,0.51553595,0.37569824,469.18362379074097,17.572904471307993,1.8547904619481408,1.732288219500333,0.0748784805182367,9.271089,0.0038848757,8.595186,1.091026593485367,1.6132231,/glade/u/home/adamhb/ahb_params/fates_api_25/ensembles/CZ2_equilibrium_110523_07/CZ2_equilibrium_110523_0054.nc,69.3914037031368,0.067,40.42553191489361,14.893617021276595,25,CZ2_trans_1950_2020_111223_-17e2acb6a_FATES-8a054a12_0026,18.643484115600582,1,0.071089664576974,63.954536,1.0427617,62.801453,0.109155245,0.0011683555,0.012588996,0.0031321247,475.30513256788254,148.68817292153835,73.28169420361519,40.47144204378128,6.598322652280331,0.011462087,0.00048477817,0.17259303,1.3348779003763411,2.4781199,0.006,86.89655172413792,48.27586206896552,/glade/u/home/adamhb/ahb_params/fates_api_25/ensembles/CZ2_trans_110923_01/ca_5pfts_100523_0026.nc,69.3914037031368,1.0,25,STAN_equilibrium_111023_01_-17e2acb6a_FATES-8a054a12_0026,13.425369262695312,2,0.2460721311096608,53.189987,6.304478,46.64695,0.23537713,0.0031828294,0.002004021,0.0016065564,683.9133054018021,76.53492502868176,31.499688047915697,19.48389690369368,15.107536455616357,0.109836325,0.0,0.022782026,1.1538729534095182,1.8290291,0.012,27.536231884057973,2.898550724637681,/glade/u/home/adamhb/ahb_params/fates_api_25/ensembles/STAN_equilibrium_111023_01/ca_5pfts_100523_0026.nc,69.3914037031368,1.0,1.0
26,26,CZ2_equilibrium_110323_01_-17e2acb6a_FATES-8a054a12_0019,CZ2_trans_110923_0027,3.598706728673042,3.669521808624268,1,0.5324738873309605,12.448916,11.100431,1.180724,0.04096942,0.12679073,0.83540165,0.4444344,223.03104400634768,7.432136917486787,7.423355127684772,1.107201969716698,0.3152708086417988,2.3113444,0.0,15.951774,0.8842609422288206,1.0271177,/glade/u/home/adamhb/ahb_params/fates_api_25/ensembles/CZ2_equilibrium_110323_01/CZ2_equilibrium_110323_0019.nc,55.87716149379587,0.075,6.666666666666667,0.0,26,CZ2_trans_1950_2020_111223_-17e2acb6a_FATES-8a054a12_0027,29.62723159790039,2,0.2596846054250697,75.95587,65.31507,10.501805,0.13717711,0.0018121828,0.0024810496,9.167013e-07,110.67172512412073,110.6414943933487,84.42992344498634,71.02217990905046,66.51062984019518,0.0,0.0,0.026020786,1.099185004136416,0.7390027,0.001,5.555555555555555,0.0,/glade/u/home/adamhb/ahb_params/fates_api_25/ensembles/CZ2_trans_110923_01/ca_5pfts_100523_0027.nc,55.87716149379587,0.75,26,STAN_equilibrium_111023_01_-17e2acb6a_FATES-8a054a12_0027,33.63205337524414,2,0.3191156174336813,83.215,68.76548,13.412273,1.0314026,0.0058443244,0.0036223184,0.0032421397,166.62267968058586,90.00681340694427,74.37170948833227,63.85090295225382,48.90535492449999,0.41427568,0.0,0.07439934,0.9908431077860768,0.8464384,0.008,0.0,0.0,/glade/u/home/adamhb/ahb_params/fates_api_25/ensembles/STAN_equilibrium_111023_01/ca_5pfts_100523_0027.nc,55.87716149379587,1.0,0.75
27,27,CZ2_equilibrium_110523_05_-17e2acb6a_FATES-8a054a12_0033,CZ2_trans_110923_0028,3.4768313768864267,4.794925212860107,1,0.5200657547492702,14.582891,0.68406844,13.318583,0.08992897,0.49031183,0.9909897,0.61345565,197.69515842199328,36.88904922455549,7.046943646855652,3.161487984471023,0.8219121082220227,2.169192,10.036509,20.07056,1.0515357539588877,0.8912535,/glade/u/home/adamhb/ahb_params/fates_api_25/ensembles/CZ2_equilibrium_110523_05/CZ2_equilibrium_110523_0033.nc,51.464385850275015,0.057,4.424778761061947,0.0,27,CZ2_trans_1950_2020_111223_-17e2acb6a_FATES-8a054a12_0028,27.91260528564453,1,0.0379197889470057,84.63789,0.11261849,84.32744,0.140109,0.057730548,0.023857066,0.00040580417,202.1319977939129,199.70672205090523,115.93871749937534,92.41067804396152,10.644614230841398,0.0008846189,5.1266674e-05,0.45218754,1.1503123737384158,0.6732683,0.0,0.0,0.0,/glade/u/home/adamhb/ahb_params/fates_api_25/ensembles/CZ2_trans_110923_01/ca_5pfts_100523_0028.nc,51.464385850275015,0.875,27,STAN_equilibrium_111023_01_-17e2acb6a_FATES-8a054a12_0028,30.66131591796875,0,0.1694286927446501,89.29612,2.6589117,84.40604,2.0173275,0.21384493,0.014768829,0.01338979,294.35407370328903,145.29405161738396,89.0466570854187,72.43309635668993,44.12005189806223,0.0823098,0.0,0.19146721,1.0264455433457442,0.7670269,0.005,0.0,0.0,/glade/u/home/adamhb/ahb_params/fates_api_25/ensembles/STAN_equilibrium_111023_01/ca_5pfts_100523_0028.nc,51.464385850275015,1.0,0.875
28,28,CZ2_equilibrium_110523_03_-17e2acb6a_FATES-8a054a12_0057,CZ2_trans_110923_0029,3.6504104803568014,3.2045814990997314,1,0.5052506422847535,10.714501,0.47590086,10.08598,0.120758735,0.031861264,0.6690406,0.60839736,238.63274604082108,16.262336866930127,0.2893710006901528,0.1462657837691949,0.0002674985566386,9.586692,0.0,12.309979,0.7623561279217483,2.456523,/glade/u/home/adamhb/ahb_params/fates_api_25/ensembles/CZ2_equilibrium_110523_03/CZ2_equilibrium_110523_0057.nc,62.107449688917896,0.043,36.22047244094488,9.448818897637794,28,CZ2_trans_1950_2020_111223_-17e2acb6a_FATES-8a054a12_0029,17.73771858215332,1,0.0754002474952761,59.08855,0.5858553,58.32621,0.17214009,0.0043503433,0.02737859,1.6251475e-05,507.7189952135086,153.2447710633278,70.61591371893883,1.710294745862484,0.5740786946262233,0.0491169,0.0,0.4651049,1.256655281338226,2.8982868,0.003,69.82758620689656,33.62068965517241,/glade/u/home/adamhb/ahb_params/fates_api_25/ensembles/CZ2_trans_110923_01/ca_5pfts_100523_0029.nc,62.107449688917896,1.0,28,STAN_equilibrium_111023_01_-17e2acb6a_FATES-8a054a12_0029,12.686135292053224,3,0.2330140809989486,45.97245,5.183424,40.705517,0.07500896,0.0085035805,0.0036840728,0.003487388,440.8722743391991,125.62963180243968,40.1598121970892,3.819985140580684,0.0762584932090248,0.20584308,0.0,0.057442624,1.0159878810895862,2.0415258,0.007,11.11111111111111,0.0,/glade/u/home/adamhb/ahb_params/fates_api_25/ensembles/STAN_equilibrium_111023_01/ca_5pfts_100523_0029.nc,62.107449688917896,0.6666666666666666,1.0
29,29,CZ2_equilibrium_110523_03_-17e2acb6a_FATES-8a054a12_0027,CZ2_trans_110923_0030,3.607408307688726,3.4367706775665283,1,0.4771696794214545,9.374029,0.36155295,8.413236,0.56341916,0.035821334,1.0901374,0.6562291,148.17461371421814,20.88160719722509,3.0385612626560032,0.9137119923252612,0.0002754537398175,6.0248775,0.0,19.220882,1.0585291895495177,0.9126134,/glade/u/home/adamhb/ahb_params/fates_api_25/ensembles/CZ2_equilibrium_110523_03/CZ2_equilibrium_110523_0027.nc,70.6916262466157,0.055,4.464285714285714,0.0,29,CZ2_trans_1950_2020_111223_-17e2acb6a_FATES-8a054a12_0030,17.558063507080078,2,0.0496608014985497,56.02807,0.2714918,55.375843,0.380449,0.0002844001,0.0063536284,9.148693e-06,240.7030016183853,97.08778001368046,77.33836770057678,42.67144948244095,0.6356157246045768,0.0,0.0,0.062129863,1.1400238894339054,1.0791445,0.001,8.620689655172415,0.0,/glade/u/home/adamhb/ahb_params/fates_api_25/ensembles/CZ2_trans_110923_01/ca_5pfts_100523_0030.nc,70.6916262466157,0.875,29,STAN_equilibrium_111023_01_-17e2acb6a_FATES-8a054a12_0030,15.669835090637209,2,0.0921183935906296,52.346363,0.42330265,50.995075,0.91587746,0.012109327,0.0039431066,0.003576426,283.0464206635952,104.0341518819332,46.34315613657236,29.369464609771967,11.970069026574492,0.4179605,0.00095606525,0.07907795,0.9846212805086908,0.7169218,0.005,0.0,0.0,/glade/u/home/adamhb/ahb_params/fates_api_25/ensembles/STAN_equilibrium_111023_01/ca_5pfts_100523_0030.nc,70.6916262466157,1.0,0.875
30,30,CZ2_equilibrium_110323_04_-17e2acb6a_FATES-8a054a12_0007,CZ2_trans_110923_0031,3.4911516499940576,7.013254642486572,1,0.4665855674756629,27.587452,21.707548,5.6560607,0.2094009,0.014442587,0.13550097,0.065819316,542.9182946681976,20.34849487245083,7.48931837733835,6.214440800249577,0.5712296479032375,1.4926763,0.0,1.8001148,0.8919732720755746,0.5267172,/glade/u/home/adamhb/ahb_params/fates_api_25/ensembles/CZ2_equilibrium_110323_04/CZ2_equilibrium_110323_0007.nc,71.69392901307307,0.041,0.0,0.0,30,CZ2_trans_1950_2020_111223_-17e2acb6a_FATES-8a054a12_0031,15.923343658447266,1,0.3502688840392219,45.453995,36.817986,7.764524,0.5031032,0.36838573,0.0012417398,0.00026164114,305.2270784974098,103.72716002166273,81.63104765117168,9.915725095197558,0.1860647353169042,0.011050179,0.0,0.012156387,1.139843059490886,0.67496014,0.001,1.4925373134328357,0.0,/glade/u/home/adamhb/ahb_params/fates_api_25/ensembles/CZ2_trans_110923_01/ca_5pfts_100523_0031.nc,71.69392901307307,0.625,30,STAN_equilibrium_111023_01_-17e2acb6a_FATES-8a054a12_0031,16.09614372253418,2,0.4631791389430152,47.251884,10.457246,33.94478,2.84158,0.008282776,0.0015853578,0.000454365,339.8624435067177,86.59346029162407,62.24234588444233,42.49494522809982,5.031495820730925,0.63892114,0.0,0.020725042,1.092502699123088,0.6898594,0.011,0.0,0.0,/glade/u/home/adamhb/ahb_params/fates_api_25/ensembles/STAN_equilibrium_111023_01/ca_5pfts_100523_0031.nc,71.69392901307307,1.0,0.625
31,31,CZ2_equilibrium_110523_04_-17e2acb6a_FATES-8a054a12_0064,CZ2_trans_110923_0032,3.459203859267125,2.575119972229004,1,0.4196638106091721,7.4033356,0.10935688,6.5428944,0.6675716,0.08351295,1.1159914,0.85538024,67.02326238155365,27.020173147320747,3.211392613593489,1.4331471174955368,0.7690174243180081,1.4360043,0.041835573,21.95413,0.9841697658430348,1.0755682,/glade/u/home/adamhb/ahb_params/fates_api_25/ensembles/CZ2_equilibrium_110523_04/CZ2_equilibrium_110523_0064.nc,49.67804044016477,0.07,23.17073170731708,3.048780487804878,31,CZ2_trans_1950_2020_111223_-17e2acb6a_FATES-8a054a12_0032,24.18637084960937,2,0.1237655145610632,67.09746,0.058482893,65.32561,1.636036,0.077331685,0.047058277,0.007043173,240.12411013245583,124.3139896541834,124.05155226588248,50.05696788430214,5.523799336515367,0.029563537,0.0,0.8996943,1.3093906257495291,0.8398266,0.003,42.74809160305343,7.633587786259542,/glade/u/home/adamhb/ahb_params/fates_api_25/ensembles/CZ2_trans_110923_01/ca_5pfts_100523_0032.nc,49.67804044016477,1.0,31,STAN_equilibrium_111023_01_-17e2acb6a_FATES-8a054a12_0032,25.26631164550781,2,0.2521873517596077,72.89847,0.04524501,63.13741,9.613935,0.10187437,0.0002882498,1.0339459e-06,212.791059166193,102.92970575392246,86.18369698524475,75.00417996197939,18.992411205545068,0.102655865,0.0,0.002948503,1.0691611835227377,0.66604614,0.01,0.0,0.0,/glade/u/home/adamhb/ahb_params/fates_api_25/ensembles/STAN_equilibrium_111023_01/ca_5pfts_100523_0032.nc,49.67804044016477,1.0,1.0
32,32,CZ2_equilibrium_110523_03_-17e2acb6a_FATES-8a054a12_0024,CZ2_trans_110923_0033,3.443706587336528,13.236944198608398,1,0.4137332622344812,39.155785,5.8301907,32.525303,0.7459003,0.0543934,0.12442301,0.05602638,437.2114315629005,96.5102668851614,37.07293886691332,9.822215652093291,0.5229207090451382,0.04238737,0.016838016,1.5766943,1.021773318882424,1.0577583,/glade/u/home/adamhb/ahb_params/fates_api_25/ensembles/CZ2_equilibrium_110523_03/CZ2_equilibrium_110523_0024.nc,48.82913530603383,0.013,21.804511278195488,0.0,32,CZ2_trans_1950_2020_111223_-17e2acb6a_FATES-8a054a12_0033,24.70485496520996,1,0.2881135254451255,60.76044,5.228536,54.964603,0.56243384,0.004868675,0.057900555,0.026624551,251.4970675110817,151.21269039809704,108.79638604819776,16.794907860457897,0.8488711318932474,0.008372001,0.015207069,1.7465062,1.2666292739140772,1.3001614,0.002,27.27272727272727,0.0,/glade/u/home/adamhb/ahb_params/fates_api_25/ensembles/CZ2_trans_110923_01/ca_5pfts_100523_0033.nc,48.82913530603383,0.75,32,STAN_equilibrium_111023_01_-17e2acb6a_FATES-8a054a12_0033,25.751935958862305,1,0.6899384349744991,59.01753,16.93029,35.928406,6.146439,0.012395681,0.14700016,0.10002204,181.3296414911747,119.26552280783652,81.12384006381035,51.7586711794138,0.9602469071978704,0.068558834,0.03257134,5.3968163,1.1152576938116,1.0494127,0.002,0.0,0.0,/glade/u/home/adamhb/ahb_params/fates_api_25/ensembles/STAN_equilibrium_111023_01/ca_5pfts_100523_0033.nc,48.82913530603383,0.6666666666666666,0.75
33,33,CZ2_equilibrium_110523_05_-17e2acb6a_FATES-8a054a12_0039,CZ2_trans_110923_0034,3.68971895882325,2.139129877090454,1,0.3911516556670993,5.1361165,0.28422517,4.6036925,0.05078726,0.19741167,0.7609774,0.5572063,92.27201342582704,6.179043557494879,0.0699957899996661,0.0035418298693912,0.0006176129829782,16.129105,2.4815915e-06,17.702696,0.8268210502819784,0.93880224,/glade/u/home/adamhb/ahb_params/fates_api_25/ensembles/CZ2_equilibrium_110523_05/CZ2_equilibrium_110523_0039.nc,55.887845449385765,0.088,10.79136690647482,0.0,33,CZ2_trans_1950_2020_111223_-17e2acb6a_FATES-8a054a12_0034,15.366368293762209,3,0.0434359172185883,48.603806,0.4230267,48.133503,0.015984837,0.03129037,0.0033467386,1.575333e-05,203.8837783038616,77.2339291870594,61.26790307462216,36.49929538369179,4.690531350206584,0.010312165,0.0,0.07647188,1.3337617740489804,1.5529242,0.004,56.69291338582677,13.385826771653544,/glade/u/home/adamhb/ahb_params/fates_api_25/ensembles/CZ2_trans_110923_01/ca_5pfts_100523_0034.nc,55.887845449385765,0.875,33,STAN_equilibrium_111023_01_-17e2acb6a_FATES-8a054a12_0034,12.139324188232422,3,0.0488802403246868,39.157623,0.5049801,38.60611,0.044287976,0.0022448166,9.05039e-05,4.2648517e-05,320.4530104994774,41.18417855352163,40.34670069813728,33.539950381964445,5.082120769657195,0.13333674,0.0,0.00118483,1.0707485432703834,1.2082691,0.018,2.857142857142857,0.0,/glade/u/home/adamhb/ahb_params/fates_api_25/ensembles/STAN_equilibrium_111023_01/ca_5pfts_100523_0034.nc,55.887845449385765,0.6666666666666666,0.875
34,34,CZ2_equilibrium_110523_04_-17e2acb6a_FATES-8a054a12_0011,CZ2_trans_110923_0035,3.62793204655926,5.526843547821045,1,0.3754361617013244,22.793957,0.1368077,22.47632,0.13680892,0.04401938,0.3222937,0.08073991,258.47308337688446,9.545779903419316,3.8676345138810575,3.114087739959359,0.0223087704398494,1.359242,0.0,6.731414,0.809864881972544,0.72255707,/glade/u/home/adamhb/ahb_params/fates_api_25/ensembles/CZ2_equilibrium_110523_04/CZ2_equilibrium_110523_0011.nc,50.63435372266185,0.032,0.0,0.0,34,CZ2_trans_1950_2020_111223_-17e2acb6a_FATES-8a054a12_0035,20.284894943237305,2,0.031194844717448,60.023853,0.04168111,59.800465,0.16589668,0.015811466,0.008388491,5.3059528e-05,221.40620276331904,125.32075867056848,81.89753629267216,65.41193928569555,0.5138010237715207,0.0010561222,0.0,0.20864278,1.0434087140538395,0.757741,0.0,10.0,0.0,/glade/u/home/adamhb/ahb_params/fates_api_25/ensembles/CZ2_trans_110923_01/ca_5pfts_100523_0035.nc,50.63435372266185,0.875,34,STAN_equilibrium_111023_01_-17e2acb6a_FATES-8a054a12_0035,18.273805618286133,2,0.1377356675758449,55.374725,1.4153336,52.883457,1.066284,0.009651064,0.0021324386,0.0019338679,402.6282951235771,89.85716849565506,56.839315220713615,22.51801779493689,19.82223242521286,0.22443776,0.0,0.045106295,0.9046645874661864,0.65651035,0.005,0.0,0.0,/glade/u/home/adamhb/ahb_params/fates_api_25/ensembles/STAN_equilibrium_111023_01/ca_5pfts_100523_0035.nc,50.63435372266185,1.0,0.875
35,35,CZ2_equilibrium_110523_01_-17e2acb6a_FATES-8a054a12_0057,CZ2_trans_110923_0036,3.6135798355539768,4.02143669128418,1,0.3671780353004498,7.317814,0.26731738,6.9263835,0.019316446,0.10479665,1.0907296,0.7093786,154.61862087249756,11.839397484436631,3.3455563243478537,3.308964951429516,0.4069814895046875,5.2167153,8.117084e-07,25.043951,1.262919795237849,1.740035,/glade/u/home/adamhb/ahb_params/fates_api_25/ensembles/CZ2_equilibrium_110523_01/CZ2_equilibrium_110523_0057.nc,52.692285513279,0.05,43.22033898305085,10.16949152542373,35,CZ2_trans_1950_2020_111223_-17e2acb6a_FATES-8a054a12_0036,23.27558326721192,2,0.1039053288577693,59.62987,0.6358912,58.91869,0.07207714,0.003210795,0.0965094,0.013804421,178.60354855656624,103.38213294744492,68.6646206304431,45.87139934301376,26.72405913472176,0.0015129447,0.0,1.2436564,1.175535573906927,1.0748215,0.001,44.14414414414414,0.9009009009009008,/glade/u/home/adamhb/ahb_params/fates_api_25/ensembles/CZ2_trans_110923_01/ca_5pfts_100523_0036.nc,52.692285513279,1.0,35,STAN_equilibrium_111023_01_-17e2acb6a_FATES-8a054a12_0036,24.73612403869629,1,0.3915478872269036,63.85646,10.118303,52.73698,0.99927,0.0019053435,0.083797164,0.054477815,131.46422803401947,121.12904340028764,63.30812815576792,50.18743220716715,38.210025522857904,0.20450385,0.0,1.8750256,1.0390080706201843,1.4020281,0.005,1.818181818181818,0.0,/glade/u/home/adamhb/ahb_params/fates_api_25/ensembles/STAN_equilibrium_111023_01/ca_5pfts_100523_0036.nc,52.692285513279,1.0,1.0
36,36,CZ2_equilibrium_110523_03_-17e2acb6a_FATES-8a054a12_0038,CZ2_trans_110923_0037,3.771455404156537,6.926315307617188,1,0.3438437406106768,26.539097,25.362513,0.8548111,0.071413234,0.2503601,0.23769432,0.062002208,880.03009557724,25.29273508116603,7.186706643551588,0.4034860103274695,0.028797637696698,1.1547103,0.0,3.5849812,1.02416713087905,2.2005196,/glade/u/home/adamhb/ahb_params/fates_api_25/ensembles/CZ2_equilibrium_110523_03/CZ2_equilibrium_110523_0038.nc,58.22760328012984,0.023,71.52317880794702,40.397350993377486,36,CZ2_trans_1950_2020_111223_-17e2acb6a_FATES-8a054a12_0037,11.125738143920898,2,0.2862699506206506,35.312885,33.709114,1.5419611,0.043633327,0.018175457,0.16158333,0.024785178,311.52356415987015,64.0148064121604,28.24098104611039,4.22041688580066,0.0408341111324261,0.06603605,0.005777499,3.1484454,1.2316773331804145,3.0776472,0.009,89.86486486486487,62.83783783783784,/glade/u/home/adamhb/ahb_params/fates_api_25/ensembles/CZ2_trans_110923_01/ca_5pfts_100523_0037.nc,58.22760328012984,0.75,36,STAN_equilibrium_111023_01_-17e2acb6a_FATES-8a054a12_0037,13.233959197998049,1,0.3147573665514187,39.38975,36.022232,2.9565594,0.3888574,0.022100613,0.13815342,0.0784281,319.6469694375992,93.29045191407204,34.735354129225016,17.17442530207336,0.0747147078072885,0.43055835,0.0019995822,2.0478632,1.068384085328944,2.1627197,0.005,35.714285714285715,14.285714285714285,/glade/u/home/adamhb/ahb_params/fates_api_25/ensembles/STAN_equilibrium_111023_01/ca_5pfts_100523_0037.nc,58.22760328012984,1.0,0.75
37,37,CZ2_equilibrium_110323_02_-17e2acb6a_FATES-8a054a12_0004,CZ2_trans_110923_0038,3.699130123042109,6.780120372772217,1,0.2945961278198372,29.510511,28.223516,0.89156055,0.044973996,0.35045916,0.15831324,0.066972524,466.0036787390709,10.106067638844252,0.0132825869059161,0.0032442511610497,0.0024672650056345,2.7608068,0.5246787,2.5869799,0.804648150989351,0.42206573,/glade/u/home/adamhb/ahb_params/fates_api_25/ensembles/CZ2_equilibrium_110323_02/CZ2_equilibrium_110323_0004.nc,78.86425409348959,0.028,0.0,0.0,37,CZ2_trans_1950_2020_111223_-17e2acb6a_FATES-8a054a12_0038,16.69731903076172,0,0.2555646712160795,55.424286,49.773975,4.708469,0.117609404,0.8242307,0.016164944,0.0008302869,409.7975417971611,151.49730257689953,53.7913478910923,1.058932757587172,0.0038087384268692,0.03432722,0.0,0.27932322,1.0439523242666835,0.57402563,0.001,1.818181818181818,0.0,/glade/u/home/adamhb/ahb_params/fates_api_25/ensembles/CZ2_trans_110923_01/ca_5pfts_100523_0038.nc,78.86425409348959,0.75,37,STAN_equilibrium_111023_01_-17e2acb6a_FATES-8a054a12_0038,8.66775131225586,1,0.5829320636427929,28.966728,14.828065,2.176787,0.18467411,11.777203,0.00092413224,2.3566217e-05,751.9259303808212,48.93726203590632,4.842229536734521,1.9681760750245303,0.8693422569194809,27.472359,0.0,0.009965085,1.0437783286647573,0.48837996,0.016,0.0,0.0,/glade/u/home/adamhb/ahb_params/fates_api_25/ensembles/STAN_equilibrium_111023_01/ca_5pfts_100523_0038.nc,78.86425409348959,0.6666666666666666,0.75
38,38,CZ2_equilibrium_110523_07_-17e2acb6a_FATES-8a054a12_0015,CZ2_trans_110923_0039,3.714190718959208,6.778448104858398,1,0.2175582725829772,28.115053,0.111627676,27.841478,0.01577212,0.14617583,0.19963267,0.10847446,564.7312104701996,63.95542994141579,3.885011828970164,0.3161654967698268,4.622428273481916e-06,7.1267734,0.0,2.633963,0.822943458018699,0.4846239,/glade/u/home/adamhb/ahb_params/fates_api_25/ensembles/CZ2_equilibrium_110523_07/CZ2_equilibrium_110523_0015.nc,49.98041178371934,0.034,0.0,0.0,38,CZ2_trans_1950_2020_111223_-17e2acb6a_FATES-8a054a12_0039,8.678243637084961,3,0.2148907183235938,33.116108,0.023677114,29.664375,0.01343785,3.4146183,0.0018993126,4.5973447e-06,472.1805825829506,50.37485156208277,8.698947494849563,1.8615912995301187,0.1465771401853999,2.478399,0.0,0.01893384,1.1684277471317728,0.92532825,0.003,30.0,0.9090909090909092,/glade/u/home/adamhb/ahb_params/fates_api_25/ensembles/CZ2_trans_110923_01/ca_5pfts_100523_0039.nc,49.98041178371934,0.625,38,STAN_equilibrium_111023_01_-17e2acb6a_FATES-8a054a12_0039,13.27371597290039,2,0.1786003478758445,44.295765,2.0585194,41.388176,0.009392909,0.8396813,0.001800195,0.0011644796,634.1800093650818,58.97032096982002,31.34199883788824,24.959135334938765,1.4518291573040187,6.4381156,0.0,0.02377084,0.925782589405344,0.6803713,0.009,0.0,0.0,/glade/u/home/adamhb/ahb_params/fates_api_25/ensembles/STAN_equilibrium_111023_01/ca_5pfts_100523_0039.nc,49.98041178371934,0.3333333333333333,0.625
39,39,CZ2_equilibrium_110323_04_-17e2acb6a_FATES-8a054a12_0029,CZ2_trans_110923_0040,3.805895884121561,2.257643699645996,1,0.1829445071506199,1.798647,0.31947985,1.2406292,0.2044408,0.03409722,1.7692593,0.9418144,24.460405111312863,5.328985280357301,0.4480739880818873,0.1333226100541651,0.0691076593284378,2.5810487,0.00014266882,26.31348,0.9763234941146948,1.7858877,/glade/u/home/adamhb/ahb_params/fates_api_25/ensembles/CZ2_equilibrium_110323_04/CZ2_equilibrium_110323_0029.nc,54.29572849687483,0.04,32.608695652173914,3.6231884057971016,39,CZ2_trans_1950_2020_111223_-17e2acb6a_FATES-8a054a12_0040,7.838766098022461,0,0.4242015304267381,61.64666,4.3455634,56.021606,0.23986997,1.0396246,0.541471,0.20392533,191.0022646188736,115.3451669961214,78.199477866292,62.50479258596897,39.96174782514572,3.4539516,0.0,8.172975,0.8841508085026817,2.045868,0.002,57.27272727272727,14.545454545454543,/glade/u/home/adamhb/ahb_params/fates_api_25/ensembles/CZ2_trans_110923_01/ca_5pfts_100523_0040.nc,54.29572849687483,1.0,39,STAN_equilibrium_111023_01_-17e2acb6a_FATES-8a054a12_0040,13.703351020812988,1,0.4942600772714927,47.32824,6.4791884,37.635612,3.2107427,0.0026982834,0.15676455,0.12243386,401.2295231223106,90.2980100363493,31.669335439801216,20.31622221693397,2.085945743601769,0.08200805,0.055458948,2.2973926,1.0016972738640106,1.2975464,0.009,3.7735849056603774,0.0,/glade/u/home/adamhb/ahb_params/fates_api_25/ensembles/STAN_equilibrium_111023_01/ca_5pfts_100523_0040.nc,54.29572849687483,1.0,1.0
40,40,CZ2_equilibrium_110523_05_-17e2acb6a_FATES-8a054a12_0006,CZ2_trans_110923_0041,3.221425855292392,8.793214797973633,2,0.6850728491882494,24.251055,14.685934,9.414033,0.09079918,0.060287733,0.41077253,0.2765003,158.48591923713684,44.57283765077591,20.027789287269115,15.723274555057287,1.3592846516985446,1.6648439,2.571737,9.565934,1.0004539839769675,2.0559464,/glade/u/home/adamhb/ahb_params/fates_api_25/ensembles/CZ2_equilibrium_110523_05/CZ2_equilibrium_110523_0006.nc,67.6774103242592,0.02,73.75886524822694,34.751773049645394,40,CZ2_trans_1950_2020_111223_-17e2acb6a_FATES-8a054a12_0041,19.2380485534668,2,0.4885843629339094,47.590824,29.903927,17.623207,0.06293277,0.0007593715,0.12085101,0.046384435,200.18761977553368,79.46892641484737,71.67056202888489,33.320547081530094,16.288126353174448,0.0036501726,0.0032240255,1.5243243,1.2041148837056426,2.0884724,0.004,68.54838709677419,26.61290322580645,/glade/u/home/adamhb/ahb_params/fates_api_25/ensembles/CZ2_trans_110923_01/ca_5pfts_100523_0041.nc,67.6774103242592,0.625,40,STAN_equilibrium_111023_01_-17e2acb6a_FATES-8a054a12_0041,20.66008186340332,1,0.4859455474062213,49.83914,35.266125,14.209938,0.3501417,0.012935613,0.13684842,0.06254292,293.3414652943611,87.32576854526997,57.85726476460695,39.49091304093599,16.61278773099184,0.27117306,0.00019036562,2.0816443,1.0521637290707986,1.9959192,0.002,21.052631578947366,1.3157894736842104,/glade/u/home/adamhb/ahb_params/fates_api_25/ensembles/STAN_equilibrium_111023_01/ca_5pfts_100523_0041.nc,67.6774103242592,1.0,0.625
41,41,CZ2_equilibrium_110523_04_-17e2acb6a_FATES-8a054a12_0036,CZ2_trans_110923_0042,3.37052241215266,6.402035713195801,2,0.4612390523468934,22.142061,21.503098,0.6006081,0.025002602,0.013351623,0.7886283,0.5115193,124.44809079170228,103.08168828487396,10.327398777008057,4.10739507060498,1.3599384692497551,1.1685418,0.6269651,12.495851,0.9930387238910044,1.7377434,/glade/u/home/adamhb/ahb_params/fates_api_25/ensembles/CZ2_equilibrium_110523_04/CZ2_equilibrium_110523_0036.nc,69.21630791447004,0.043,15.384615384615383,0.0,41,CZ2_trans_1950_2020_111223_-17e2acb6a_FATES-8a054a12_0042,32.143070220947266,3,0.1117139589039159,84.21168,80.77971,3.4011254,0.029103749,0.0017378831,0.006287122,3.944455e-06,203.75633612275124,131.1622653156519,99.32553395628928,81.79190568625927,48.33693150430918,0.00071294804,0.0,0.07879801,1.23029029805366,1.3898449,0.001,22.78481012658228,0.0,/glade/u/home/adamhb/ahb_params/fates_api_25/ensembles/CZ2_trans_110923_01/ca_5pfts_100523_0042.nc,69.21630791447004,1.0,41,STAN_equilibrium_111023_01_-17e2acb6a_FATES-8a054a12_0042,32.36909103393555,2,0.2198179849830891,82.85228,74.50123,7.8727536,0.46055576,0.017735362,0.0021233226,0.0018991294,173.47538843750954,101.71310976147652,73.73884320259094,55.962223559618,33.82416907697916,0.06241048,0.007378109,0.03920957,1.060070725600326,1.4876633,0.004,0.0,0.0,/glade/u/home/adamhb/ahb_params/fates_api_25/ensembles/STAN_equilibrium_111023_01/ca_5pfts_100523_0042.nc,69.21630791447004,1.0,1.0
42,42,CZ2_equilibrium_110523_02_-17e2acb6a_FATES-8a054a12_0043,CZ2_trans_110923_0043,3.656353033707372,4.739262104034424,2,0.4600498021507597,14.820063,14.59485,0.09187772,0.022452125,0.11088262,0.6266403,0.3514907,260.52795350551605,13.51598766632378,0.0041463363231741,2.1379339271154765e-07,0.0,6.774234,0.0,12.819836,0.8901397640102005,0.60194063,/glade/u/home/adamhb/ahb_params/fates_api_25/ensembles/CZ2_equilibrium_110523_02/CZ2_equilibrium_110523_0043.nc,60.78985652844594,0.057,0.0,0.0,42,CZ2_trans_1950_2020_111223_-17e2acb6a_FATES-8a054a12_0043,9.0762939453125,2,0.5053637084546836,27.126251,16.883783,1.2338196,0.008911021,8.999738,0.0028371504,0.0012920701,411.06216609478,86.61273866891861,6.304393173195422,0.8247786900028586,7.530719381421136e-06,5.060802,0.0,0.03575967,1.0898873872520198,0.7339802,0.004,28.30188679245283,0.0,/glade/u/home/adamhb/ahb_params/fates_api_25/ensembles/CZ2_trans_110923_01/ca_5pfts_100523_0043.nc,60.78985652844594,0.75,42,STAN_equilibrium_111023_01_-17e2acb6a_FATES-8a054a12_0043,9.69569206237793,1,0.4958465959919765,26.25907,15.549704,0.3735077,0.36307654,9.972782,7.798146e-05,4.905202e-08,141.98597520589828,77.55640894174576,31.87965601682663,3.257186035625637,1.845674705691636,234.4974,0.0,0.0009644862,0.8416274261833223,0.47777843,0.033,0.0,0.0,/glade/u/home/adamhb/ahb_params/fates_api_25/ensembles/STAN_equilibrium_111023_01/ca_5pfts_100523_0043.nc,60.78985652844594,0.6666666666666666,0.75
43,43,CZ2_equilibrium_110323_01_-17e2acb6a_FATES-8a054a12_0006,CZ2_trans_110923_0044,3.5637004599653075,4.104995727539063,2,0.4539136385204343,14.366548,14.193523,0.13291742,0.014941294,0.025165332,1.1453339,0.4823577,424.1298139095306,19.45108291693032,1.5036496915854514,0.8670736860949546,0.8420910307904705,1.3048235,7.1416936,13.066479,0.9501652216385992,1.2508368,/glade/u/home/adamhb/ahb_params/fates_api_25/ensembles/CZ2_equilibrium_110323_01/CZ2_equilibrium_110323_0006.nc,66.84889865596142,0.08,12.142857142857142,0.0,43,CZ2_trans_1950_2020_111223_-17e2acb6a_FATES-8a054a12_0044,9.569843292236328,2,0.3012152391701016,36.21199,34.71246,1.4916965,0.0032158273,0.004619545,0.3456275,0.13527474,294.97141018509865,82.38926529884338,32.05954097211361,16.75780862569809,0.4687702676164917,0.042569373,0.17153427,4.0946016,1.2148129803222218,1.7163734,0.006,64.46280991735537,20.66115702479339,/glade/u/home/adamhb/ahb_params/fates_api_25/ensembles/CZ2_trans_110923_01/ca_5pfts_100523_0044.nc,66.84889865596142,0.75,43,STAN_equilibrium_111023_01_-17e2acb6a_FATES-8a054a12_0044,23.20351791381836,1,0.1896225403077493,60.77665,59.09924,1.3974811,0.051930636,0.22800112,0.1533387,0.104911014,177.5035262107849,90.05029685795307,83.61912332475185,81.95523172616959,1.8707274284679445,13.316481,0.016319321,2.5743854,1.1016881655905308,1.26052,0.033,7.352941176470589,0.0,/glade/u/home/adamhb/ahb_params/fates_api_25/ensembles/STAN_equilibrium_111023_01/ca_5pfts_100523_0044.nc,66.84889865596142,0.6666666666666666,0.75
44,44,CZ2_equilibrium_110523_04_-17e2acb6a_FATES-8a054a12_0070,CZ2_trans_110923_0045,3.685646350113029,8.230916976928711,2,0.4513505214045828,22.425014,0.27399126,22.148144,0.0012281474,0.0016517137,0.8006762,0.26933593,401.5808552503586,43.14136691391468,8.159404387697577,0.3731586548383347,0.0,0.011188662,0.099437796,19.205431,1.0429715403006412,1.2293777,/glade/u/home/adamhb/ahb_params/fates_api_25/ensembles/CZ2_equilibrium_110523_04/CZ2_equilibrium_110523_0070.nc,71.4744165483047,0.011,30.82706766917293,2.255639097744361,44,CZ2_trans_1950_2020_111223_-17e2acb6a_FATES-8a054a12_0045,16.825664520263672,3,0.1089261908261267,46.0545,0.07121033,45.98062,0.0017567826,0.00091034215,0.100760095,0.019965617,454.5197635889053,136.70546002686024,55.81439938396216,2.976903051603585,0.0,0.0047819293,0.000482564,1.8506364,1.1008616584717856,0.99827385,0.002,25.27472527472528,0.0,/glade/u/home/adamhb/ahb_params/fates_api_25/ensembles/CZ2_trans_110923_01/ca_5pfts_100523_0045.nc,71.4744165483047,0.875,44,STAN_equilibrium_111023_01_-17e2acb6a_FATES-8a054a12_0045,19.12303733825684,1,0.2696370022730614,48.93464,3.6761656,44.81521,0.43902397,0.0042425264,0.04901614,0.0010748098,248.29424917697904,101.056145504117,63.036372885108,29.027985874563456,12.506558559834955,0.038150813,0.0,1.3625877,0.9334312814530676,0.7816706,0.001,0.0,0.0,/glade/u/home/adamhb/ahb_params/fates_api_25/ensembles/STAN_equilibrium_111023_01/ca_5pfts_100523_0045.nc,71.4744165483047,0.6666666666666666,0.875
45,45,CZ2_equilibrium_110523_07_-17e2acb6a_FATES-8a054a12_0019,CZ2_trans_110923_0046,3.476461414090008,3.6391444206237793,2,0.4479445372853119,10.518396,9.951385,0.46945307,0.045465905,0.052093536,1.2591228,0.742301,151.06752514839172,8.754882728680968,6.340638501569629,6.308229640126228,1.0632267367327586,2.327767,0.0028803276,20.623878,0.9164690630711902,1.1815166,/glade/u/home/adamhb/ahb_params/fates_api_25/ensembles/CZ2_equilibrium_110523_07/CZ2_equilibrium_110523_0019.nc,63.24870846700067,0.08,26.02739726027397,3.424657534246576,45,CZ2_trans_1950_2020_111223_-17e2acb6a_FATES-8a054a12_0046,21.20962905883789,2,0.2265516623984301,67.39804,60.02848,7.1437645,0.2247658,0.0010294921,0.0034906769,3.3628515e-07,389.9524733424186,126.0786410421133,93.27974170446396,64.9102358147502,7.032966823317111,0.0,0.0,0.036399808,1.2848704664065735,1.2053881,0.004,45.76271186440678,4.23728813559322,/glade/u/home/adamhb/ahb_params/fates_api_25/ensembles/CZ2_trans_110923_01/ca_5pfts_100523_0046.nc,63.24870846700067,1.0,45,STAN_equilibrium_111023_01_-17e2acb6a_FATES-8a054a12_0046,21.368263244628903,3,0.2469139796657587,65.77005,57.075188,8.662792,0.03151483,0.0005589774,0.0025648586,0.0019092336,332.2415053844452,103.07254269719124,76.73641201108694,59.8772382363677,18.94046901725233,0.0,0.0,0.028184436,1.2325987368058122,1.1548729,0.016,5.970149253731343,0.0,/glade/u/home/adamhb/ahb_params/fates_api_25/ensembles/STAN_equilibrium_111023_01/ca_5pfts_100523_0046.nc,63.24870846700067,0.6666666666666666,1.0
46,46,CZ2_equilibrium_110523_01_-17e2acb6a_FATES-8a054a12_0062,CZ2_trans_110923_0047,3.561754819131665,5.191152572631836,2,0.4394817585244525,21.02894,0.397265,20.52492,0.06756524,0.039191,0.3344295,0.21722004,158.69632363319397,11.974695371463897,9.491292876191435,9.244497632607818,0.1052500101650366,8.459935,0.004480499,9.404195,0.9193970180376708,0.9615383,/glade/u/home/adamhb/ahb_params/fates_api_25/ensembles/CZ2_equilibrium_110523_01/CZ2_equilibrium_110523_0062.nc,60.25061713346364,0.051,13.970588235294118,0.0,46,CZ2_trans_1950_2020_111223_-17e2acb6a_FATES-8a054a12_0047,29.05437469482422,3,0.0288860292685132,77.300804,0.09091411,77.14255,0.064801976,0.0025369034,0.019085158,0.015705662,166.6034571826458,112.91041970252992,95.21346539258955,72.2221378237009,46.47682420909405,0.0040243473,0.0,0.37130386,1.173600447032186,1.0098095,0.002,25.0,0.0,/glade/u/home/adamhb/ahb_params/fates_api_25/ensembles/CZ2_trans_110923_01/ca_5pfts_100523_0047.nc,60.25061713346364,0.875,46,STAN_equilibrium_111023_01_-17e2acb6a_FATES-8a054a12_0047,22.68387031555176,2,0.505611209671075,64.71741,24.483011,37.876873,2.2724974,0.08501858,0.002490472,0.0022692867,222.99634292721748,79.6195212751627,65.33474195748568,46.23174201697111,31.716779340058565,0.323945,0.0,0.05510213,1.0147430226652432,0.9501991,0.009,0.0,0.0,/glade/u/home/adamhb/ahb_params/fates_api_25/ensembles/STAN_equilibrium_111023_01/ca_5pfts_100523_0047.nc,60.25061713346364,1.0,0.875
47,47,CZ2_equilibrium_110523_06_-17e2acb6a_FATES-8a054a12_0045,CZ2_trans_110923_0048,3.689011299063665,4.239511489868164,2,0.4159415152690124,10.961836,0.40713397,10.534604,0.0056822156,0.014415781,0.82167697,0.5985758,226.0074019432068,12.8176249563694,0.9351741755381228,0.0039329967194134,0.0014572266593404,0.67174304,0.098829724,24.792358,1.2832333616188407,1.0663328,/glade/u/home/adamhb/ahb_params/fates_api_25/ensembles/CZ2_equilibrium_110523_06/CZ2_equilibrium_110523_0045.nc,51.98734678299979,0.017,44.05594405594406,10.48951048951049,47,CZ2_trans_1950_2020_111223_-17e2acb6a_FATES-8a054a12_0048,6.685211181640625,1,0.4071445746832989,27.878368,0.5104927,27.21349,0.012234869,0.14215112,0.5063549,0.15744026,530.6200683116913,15.445401659235358,1.924141397466883,0.4947144770994782,0.1016325222735758,0.058624495,0.0,9.171448,1.3199746672967194,1.3650723,0.006,54.16666666666666,15.833333333333332,/glade/u/home/adamhb/ahb_params/fates_api_25/ensembles/CZ2_trans_110923_01/ca_5pfts_100523_0048.nc,51.98734678299979,0.875,47,STAN_equilibrium_111023_01_-17e2acb6a_FATES-8a054a12_0048,14.27268123626709,2,0.6000683842084268,46.96204,18.7247,28.15047,0.03720859,0.049659338,0.26248062,0.12042357,456.9600522518158,127.86739505827428,68.07890720665455,14.563706936314702,0.6551323895109817,0.13294381,0.01172828,6.171676,1.107750114101691,0.85429764,0.002,0.0,0.0,/glade/u/home/adamhb/ahb_params/fates_api_25/ensembles/STAN_equilibrium_111023_01/ca_5pfts_100523_0048.nc,51.98734678299979,1.0,0.875
48,48,CZ2_equilibrium_110523_07_-17e2acb6a_FATES-8a054a12_0026,CZ2_trans_110923_0049,3.668069120376044,4.574885845184326,2,0.4139876148237639,8.580607,5.9773517,0.049975257,0.017548524,2.535732,1.1307214,0.3393451,261.8259936571121,11.7113150190562,3.612113650888205,1.5264979447238147,0.057850688790495,30.218424,0.0,30.85549,1.1654989518774528,2.5023441,/glade/u/home/adamhb/ahb_params/fates_api_25/ensembles/CZ2_equilibrium_110523_07/CZ2_equilibrium_110523_0026.nc,77.8959885513822,0.054,65.2542372881356,31.35593220338983,48,CZ2_trans_1950_2020_111223_-17e2acb6a_FATES-8a054a12_0049,22.05634307861328,1,0.2484688894848224,59.424423,52.797146,0.3728193,0.09495345,6.159509,0.014865183,0.004079731,251.91664695739743,112.77616955339909,70.96023298799992,67.66513455659151,2.8857216238975525,1.4892101,0.0,0.16244093,1.260703003879371,1.6983032,0.004,84.39716312056737,26.24113475177305,/glade/u/home/adamhb/ahb_params/fates_api_25/ensembles/CZ2_trans_110923_01/ca_5pfts_100523_0049.nc,77.8959885513822,0.75,48,STAN_equilibrium_111023_01_-17e2acb6a_FATES-8a054a12_0049,21.1206283569336,1,0.3329894253318324,57.620785,48.658463,1.6993688,0.0947574,7.1681967,0.011409994,0.00018786352,165.96073284745216,66.16969592869282,60.522034764289856,58.79517178982496,28.8287247531116,24.231543,3.834211e-05,0.17936464,1.0432040199361836,1.5530558,0.012,33.33333333333333,3.1746031746031744,/glade/u/home/adamhb/ahb_params/fates_api_25/ensembles/STAN_equilibrium_111023_01/ca_5pfts_100523_0049.nc,77.8959885513822,1.0,0.75
49,49,CZ2_equilibrium_110523_05_-17e2acb6a_FATES-8a054a12_0012,CZ2_trans_110923_0050,3.729049996819695,3.414450168609619,2,0.4059815448763923,8.054759,0.17292994,7.712026,0.09231758,0.07748547,1.2634611,0.58720475,177.2671937942505,5.711651756428182,0.981390112428926,0.1615996916370932,5.83856918368042e-05,12.390804,0.00032965318,20.813702,1.089940269366707,0.93556595,/glade/u/home/adamhb/ahb_params/fates_api_25/ensembles/CZ2_equilibrium_110523_05/CZ2_equilibrium_110523_0012.nc,64.76397262254967,0.064,1.7699115044247788,0.0,49,CZ2_trans_1950_2020_111223_-17e2acb6a_FATES-8a054a12_0050,28.85127067565918,2,0.0385783817954858,62.79619,0.02907266,62.501408,0.2457932,0.019917006,0.018799623,2.1136311e-05,185.7984438538552,97.08770550787447,71.90557662397623,60.66885311156511,51.51007790118456,0.012032476,0.0,0.29499656,1.3367465884925878,0.705184,0.001,4.225352112676056,0.0,/glade/u/home/adamhb/ahb_params/fates_api_25/ensembles/CZ2_trans_110923_01/ca_5pfts_100523_0050.nc,64.76397262254967,1.0,49,STAN_equilibrium_111023_01_-17e2acb6a_FATES-8a054a12_0050,26.64146041870117,2,0.1517245507627335,57.728195,1.4911749,54.79584,1.4371737,0.004007283,0.0050938823,0.003972523,237.84223943948743,76.0971987619996,52.02367436140776,37.64152759686112,32.88063919171691,0.0,0.0,0.05769012,1.179090551659101,0.7452469,0.012,0.0,0.0,/glade/u/home/adamhb/ahb_params/fates_api_25/ensembles/STAN_equilibrium_111023_01/ca_5pfts_100523_0050.nc,64.76397262254967,1.0,1.0
50,50,CZ2_equilibrium_110523_03_-17e2acb6a_FATES-8a054a12_0001,CZ2_trans_110923_0051,2.6347859982849324,20.15598487854004,2,0.3992269059634488,62.534595,49.874943,12.654695,0.0028008916,0.0021576684,0.11938599,0.11021118,171.43595963716507,114.17238041758536,102.63672098517418,62.53057159483433,9.977254085242748,1.8919309,0.0,2.3632402,0.888045542637883,0.9763193,/glade/u/home/adamhb/ahb_params/fates_api_25/ensembles/CZ2_equilibrium_110523_03/CZ2_equilibrium_110523_0001.nc,46.19206275782596,0.094,0.0,0.0,50,CZ2_trans_1950_2020_111223_-17e2acb6a_FATES-8a054a12_0051,22.960357666015625,3,0.382765501179278,66.92507,19.67435,47.17696,0.038363993,0.0354038,0.0009698751,2.678582e-06,311.1269697546959,126.64235197007656,66.58971309661865,39.99984357506037,24.17638897895813,0.0,0.0,0.010024523,1.0595021308290598,1.003192,0.002,25.64102564102564,0.0,/glade/u/home/adamhb/ahb_params/fates_api_25/ensembles/CZ2_trans_110923_01/ca_5pfts_100523_0051.nc,46.19206275782596,0.875,50,STAN_equilibrium_111023_01_-17e2acb6a_FATES-8a054a12_0051,27.29918670654297,3,0.1372590527465243,75.5317,4.041231,71.40378,0.08633477,0.00035886228,0.0016693779,0.0015450575,297.85817489027977,134.89400036633015,85.35745553672314,83.5526455193758,30.26024205610156,0.09234458,0.0025843675,0.029004056,0.9094581494935028,0.8728695,0.019,0.0,0.0,/glade/u/home/adamhb/ahb_params/fates_api_25/ensembles/STAN_equilibrium_111023_01/ca_5pfts_100523_0051.nc,46.19206275782596,1.0,0.875
51,51,CZ2_equilibrium_110323_04_-17e2acb6a_FATES-8a054a12_0032,CZ2_trans_110923_0052,3.68705916706654,3.349739551544189,2,0.388527876125324,6.597295,6.144098,0.3835831,0.019722858,0.049891185,1.1141914,0.8147704,96.20461612939836,16.928972909227014,1.0761761950561777,0.3348579411976971,0.0972634006757289,1.3677297,0.0,20.450176,1.2971980492011426,1.594533,/glade/u/home/adamhb/ahb_params/fates_api_25/ensembles/CZ2_equilibrium_110323_04/CZ2_equilibrium_110323_0032.nc,70.06941647559397,0.081,24.561403508771928,3.508771929824561,51,CZ2_trans_1950_2020_111223_-17e2acb6a_FATES-8a054a12_0052,17.92110824584961,1,0.4761857111709227,66.2097,30.59517,35.076317,0.536835,0.0013836572,0.030874278,0.0056050997,405.5247828364372,127.4525374174118,81.4644992351532,29.290069360286,9.56821138970554,0.026713606,0.0005805442,0.42349848,1.2930577829592949,2.434331,0.006,85.3146853146853,46.85314685314685,/glade/u/home/adamhb/ahb_params/fates_api_25/ensembles/CZ2_trans_110923_01/ca_5pfts_100523_0052.nc,69.3914037031368,,51,STAN_equilibrium_111023_01_-17e2acb6a_FATES-8a054a12_0052,13.425369262695312,2,0.2460721311096608,53.189987,6.304478,46.64695,0.23537713,0.0031828294,0.002004021,0.0016065564,683.9133054018021,76.53492502868176,31.499688047915697,19.48389690369368,15.107536455616357,0.109836325,0.0,0.022782026,1.1538729534095182,1.8290291,0.012,27.536231884057973,2.898550724637681,/glade/u/home/adamhb/ahb_params/fates_api_25/ensembles/STAN_equilibrium_111023_01/ca_5pfts_100523_0052.nc,69.3914037031368,1.0,
52,52,CZ2_equilibrium_110323_03_-17e2acb6a_FATES-8a054a12_0003,CZ2_trans_110923_0053,2.6907257445337875,7.792673110961914,2,0.3444957691032382,27.751055,0.29974192,27.347055,0.013025138,0.09123277,0.34211782,0.0014909287,716.0705327987671,32.96721260994673,17.310348339378834,10.58678957633674,5.945733282715082,2.955797,0.0,6.4712076,1.1664563198223732,1.1240301,/glade/u/home/adamhb/ahb_params/fates_api_25/ensembles/CZ2_equilibrium_110323_03/CZ2_equilibrium_110323_0003.nc,74.70224015485944,0.043,41.91176470588236,11.76470588235294,52,CZ2_trans_1950_2020_111223_-17e2acb6a_FATES-8a054a12_0053,13.071901321411133,3,0.0665943399438258,43.489887,0.0066993865,43.4183,0.00448449,0.060400765,0.053895544,0.0004802829,737.3712211847305,50.78764166682959,49.77734293788672,24.300715886056423,7.772311801090836,0.24135228,0.0,0.84490544,1.402376653970805,1.6127825,0.007,78.62595419847328,34.35114503816794,/glade/u/home/adamhb/ahb_params/fates_api_25/ensembles/CZ2_trans_110923_01/ca_5pfts_100523_0053.nc,74.70224015485944,0.875,52,STAN_equilibrium_111023_01_-17e2acb6a_FATES-8a054a12_0053,19.131601333618164,2,0.0878709034839054,51.92289,1.1640804,50.55326,0.06432197,0.1412254,0.0030912776,0.0029584419,165.3137058019638,56.89909681677818,56.404098868370056,55.62456324696541,16.234038630500436,0.0006866202,0.0,0.037846673,1.1105402058433356,1.4512739,0.006,10.975609756097562,0.0,/glade/u/home/adamhb/ahb_params/fates_api_25/ensembles/STAN_equilibrium_111023_01/ca_5pfts_100523_0053.nc,74.70224015485944,1.0,0.875
53,53,CZ2_equilibrium_110323_03_-17e2acb6a_FATES-8a054a12_0016,CZ2_trans_110923_0054,4.312790825254622,7.115884780883789,2,0.1903611183054291,67.17297,1.3948127,65.67354,0.0857525,0.018867526,0.14102493,0.13680105,190.33612683415413,175.80343410372734,175.07240176200867,3.421479486860335,0.4947971683577634,2.5777514,0.0,3.540644,0.9202631307232424,2.259697,/glade/u/home/adamhb/ahb_params/fates_api_25/ensembles/CZ2_equilibrium_110323_03/CZ2_equilibrium_110323_0016.nc,75.79079961750804,0.037,40.13605442176871,14.285714285714285,53,CZ2_trans_1950_2020_111223_-17e2acb6a_FATES-8a054a12_0054,24.09334182739257,2,0.0369282471518454,78.409096,0.58542365,77.70735,0.10028572,0.016031384,0.0022981847,5.368139e-07,250.9668469429016,180.6572452187538,76.46943908184767,46.410635113716125,27.043777517974377,0.0,0.0,0.033350486,1.2878909090545676,2.528656,0.005,68.57142857142857,32.857142857142854,/glade/u/home/adamhb/ahb_params/fates_api_25/ensembles/CZ2_trans_110923_01/ca_5pfts_100523_0054.nc,75.79079961750804,1.0,53,STAN_equilibrium_111023_01_-17e2acb6a_FATES-8a054a12_0054,25.635143280029297,1,0.1396359606575252,62.59437,2.1507318,59.74121,0.31174505,0.39068475,0.0016892246,0.001159088,221.0434526205063,88.62633258104324,81.47082291543484,81.10077120363712,23.20533385500312,0.6318201,0.0,0.049788613,1.1817050792615191,1.6427126,0.006,16.883116883116884,2.5974025974025974,/glade/u/home/adamhb/ahb_params/fates_api_25/ensembles/STAN_equilibrium_111023_01/ca_5pfts_100523_0054.nc,75.79079961750804,0.6666666666666666,1.0
