,BA,AGB,TreeStemD,TreeStemD_40,TreeStemD_60,TreeStemD_80,TreeStemD_100,ResproutD_oak,ResproutD_shrub,ShannonE,NPP,FailedPFTs,Pct_shrub_cover_canopy,Pct_shrub_cover,Combustible_fuel,Burned_area,Pct_high_severity_1700,Pct_high_severity_3500,BA_pine,BA_cedar,BA_fir,BA_shrub,BA_oak,inst,inst_id,param_file_path,fates_recruit_seed_alloc_mature_1,fates_recruit_seed_alloc_mature_2,fates_recruit_seed_alloc_mature_3,fates_recruit_seed_alloc_mature_4,fates_recruit_seed_alloc_mature_5,fates_recruit_seed_dbh_repro_threshold_1,fates_recruit_seed_dbh_repro_threshold_2,fates_recruit_seed_dbh_repro_threshold_3,fates_recruit_seed_dbh_repro_threshold_5,fates_fire_alpha_SH_1,fates_fire_alpha_SH_2,fates_fire_alpha_SH_3,fates_fire_alpha_SH_4,fates_fire_alpha_SH_5,fates_fire_bark_scaler_1,fates_fire_bark_scaler_2,fates_fire_bark_scaler_3,fates_fire_bark_scaler_4,fates_fire_bark_scaler_5,fates_fire_crown_kill_1,fates_fire_crown_kill_2,fates_fire_crown_kill_3,fates_fire_crown_kill_4,fates_fire_crown_kill_5,fates_fire_drying_ratio_0,fates_fire_nignitions_0,fates_fire_threshold_0,fates_mort_bmort_1,fates_mort_bmort_2,fates_mort_bmort_3,fates_mort_bmort_4,fates_mort_bmort_5,fates_leaf_slatop_1,fates_leaf_slatop_2,fates_leaf_slatop_3,fates_leaf_slatop_4,fates_leaf_slatop_5,fates_leaf_slamax_0,fates_leaf_vcmax25top_1,fates_leaf_vcmax25top_2,fates_leaf_vcmax25top_3,fates_leaf_vcmax25top_4,fates_leaf_vcmax25top_5,fates_mort_scalar_cstarvation_1,fates_mort_scalar_cstarvation_2,fates_mort_scalar_cstarvation_3,fates_mort_scalar_cstarvation_4,fates_mort_scalar_cstarvation_5,fates_fire_frac_resprout_4,fates_fire_frac_resprout_5,fates_frag_seed_decay_rate_1,fates_frag_seed_decay_rate_2,fates_frag_seed_decay_rate_3,fates_frag_seed_decay_rate_4,fates_frag_seed_decay_rate_5,fates_recruit_seed_germination_rate_1,fates_recruit_seed_germination_rate_2,fates_recruit_seed_germination_rate_3,fates_recruit_seed_germination_rate_4,fates_recruit_seed_germination_rate_5,fates_disturbance_germ_4,fates_turnover_branch_1,fates_turnover_branch_2,fates_turnover_branch_3,fates_turnover_branch_4,fates_turnover_branch_5,fates_turnover_leaf_1,fates_turnover_leaf_2,fates_turnover_leaf_3,fates_turnover_leaf_4,fates_turnover_leaf_5,fates_nonhydro_smpsc_1,fates_nonhydro_smpsc_2,fates_nonhydro_smpsc_3,fates_nonhydro_smpsc_4,fates_nonhydro_smpsc_5,fates_mort_hf_sm_threshold_0,fates_recruit_inter_patch_disp_frac_0,fates_frag_maxdecomp_0,fates_alloc_storage_cushion_5,fates_grperc_4,fates_stoich_nitr_1,fates_stoich_nitr_2,fates_stoich_nitr_3,fates_stoich_nitr_4,fates_stoich_nitr_5,fates_mort_ip_size_senescence_4,fates_mort_ip_age_senescence_4,fates_allom_d2ca_coefficient_max_1,fates_allom_d2ca_coefficient_max_2,fates_allom_d2ca_coefficient_max_3,fates_allom_d2ca_coefficient_max_4,fates_allom_d2ca_coefficient_max_5,fates_allom_d2ca_coefficient_min_0,fates_allom_agb1_1,fates_allom_agb1_2,fates_allom_agb1_3,fates_allom_agb1_5
0,21.981668,4.77553272247314,308.425724506378,18.389894394204,13.4700571652502,2.75017780950293,0.927358632907271,19.211191,0.00311799,0.560473004064045,0.565905177950299,0,0.07662893,0.07931471,0.3175459,0.019,0,0,1.4754205,17.582285,0.58591664,1.6835953,2.3380466,1,CZ2_equilibrium_011824_-17e2acb6a_FATES-5b076b69_0001,/glade/u/home/adamhb/ahb_params/fates_api_25/ensembles/STAN_equilibrium_111023_01/ca_5pfts_100523_0001.nc,0.192040989657651,0.068534482721798,0.112086357302773,0.235162849626728,0.253579400289567,23.5109489235101,23.5109489235101,23.5109489235101,17.930993669749,0.310565195824356,0.486392524506378,0.667575256249243,0.572958411987552,0.689934542955564,0.020201656847587,0.02014951514923,0.020115765882041,0.012504106631743,0.013344674270028,0.580550758281469,0.867071303596106,0.888094943594498,0.60319112134456,0.227171481076706,53935.9647004547,0.560956794546153,39.5002897121534,0.007306796004489,0.007306796004489,0.007306796004489,0.034521913737241,0.010178155088121,0.014069023672423,0.014529163923522,0.014529163923522,0.020840733650852,0.009511344405369,0.014069023672423,51.2643551138963,47.4883179994326,46.0159575184441,59.7529845059096,45.2091791495633,0.299752618508138,0.255974858964581,0.199615484341292,0.440638016871657,0.728393758991468,0.516388673258713,0.615133167135551,0.8259147594456,0.8259147594456,0.8259147594456,0.008704020758162,0.832694778233341,0.317670097032175,0.317670097032175,0.317670097032175,0.008633384430685,0.609727588407236,80.7484929672665,113.224748386009,113.224748386009,113.224748386009,57.6161367976559,113.224748386009,14.9204427211021,29.8755785253858,43.1671163638026,1.62545742535509,3.85006721233582,-260354.124238094,-492474.003171659,-152626.467426949,-667918.688137163,-585986.034914347,0.036249723998097,0.082153528611319,2.13197036141954,1.27370329032242,0.133673780288799,0.038021770473557,0.022430397661215,0.021134289913353,0.046861014577814,0.034498406687646,23.614125480599,54.1812384641337,0.267311750649244,0.267311750649244,0.267311750649244,0.224898567900266,0.834196156806268,0.267311750649244,0.068923961311391,0.068923961311391,0.068923961311391,0.091214519707304
1,10.706932,3.55455827713013,143.966823816299,9.88235580734909,2.98598373774439,1.02266058092937,0.340882106684148,26.19562,0.021296885,0.721348239201758,0.759652529808363,0,0.062272005,0.38284823,0.71645594,0.035,6.75675675675676,0,0.7018741,1.9400276,0.41318715,8.584526,7.6518435,2,CZ2_equilibrium_011824_-17e2acb6a_FATES-5b076b69_0002,/glade/u/home/adamhb/ahb_params/fates_api_25/ensembles/STAN_equilibrium_111023_01/ca_5pfts_100523_0002.nc,0.065896241045692,0.051843219555579,0.040568424363419,0.282858156294118,0.116854844827666,26.9878008611282,26.9878008611282,26.9878008611282,20.2850330717514,0.850608831647386,0.865127397969476,0.854278135834339,0.321157574382892,0.294416882470739,0.043520571934675,0.041785488354757,0.032297853128857,0.012426053149785,0.008517605911616,0.597806164677361,0.845133583173598,0.800196355492474,0.828713500023561,0.281606693114244,59117.1624842282,0.810362197285988,15.7427654916353,0.007156119621337,0.007156119621337,0.007156119621337,0.049429313051733,0.004503552168259,0.016905538094344,0.016948514667004,0.016948514667004,0.02740828097992,0.008982050668902,0.016905538094344,47.5985334188657,47.1433981476064,45.5047883494624,53.6587440458134,67.6114909987036,0.250387779712521,0.132910032541884,0.055911838252096,0.20199981106289,0.603031963294885,0.533071580300575,0.519224128088695,0.697331740633848,0.697331740633848,0.697331740633848,0.006628287974188,0.907803663333628,0.662636201118838,0.662636201118838,0.662636201118838,0.014410443992742,0.34341786491276,98.390818254238,69.0829289167511,69.0829289167511,69.0829289167511,24.6563972659515,69.0829289167511,14.4458341488644,33.2208270777298,48.4774431665515,3.00391749606591,5.41402652711753,-332093.283800317,-481680.031769569,-244101.952677978,-741416.717355186,-577068.666092428,0.239190326265362,0.140150811931943,1.51431342275563,1.8063151650558,0.110594513152147,0.030366875005352,0.022790555679099,0.021609204930492,0.030644590820921,0.037012915423724,29.6259832036009,82.5034004421442,0.311242489576219,0.311242489576219,0.311242489576219,0.190033461793082,0.751145166641749,0.311242489576219,0.072200883336324,0.072200883336324,0.072200883336324,0.102338743413753
2,13.0072,2.77673292160034,255.824699997902,31.5667944960296,4.67014586320147,4.05111495638266,1.1226241622353,35.955814,0.007812831,0.851354410088351,0.671801052419596,0,0.32857856,0.42418918,0.71087456,0.043,0,0,1.2529099,6.136342,0.6786209,6.553978,4.939327,3,CZ2_equilibrium_011824_-17e2acb6a_FATES-5b076b69_0003,/glade/u/home/adamhb/ahb_params/fates_api_25/ensembles/STAN_equilibrium_111023_01/ca_5pfts_100523_0003.nc,0.154899387747836,0.099450497090733,0.127637541075946,0.26500638897133,0.220536457997187,28.8582982176267,28.8582982176267,28.8582982176267,20.0084284092322,0.374414596702407,0.710656805958755,0.523461254922669,0.607709841037655,0.620113248521181,0.022457433147869,0.02054706754554,0.02054493051156,0.017457424722283,0.024183638295934,0.699744618386649,0.72703977500572,0.853546456824745,0.963121322236447,0.227025679675639,59156.1797465435,2.1811800531258,3.35177547994362,0.004087583767571,0.004087583767571,0.004087583767571,0.097994796540759,0.0020324032394,0.015016352401426,0.016197274616624,0.016197274616624,0.018302327308798,0.00838843062858,0.015016352401426,47.7324941389014,46.8153323926408,45.5910109868572,63.8690610089599,60.1407108039752,0.413989791586733,0.400426591603202,0.229488531940186,0.44834448317604,0.930486869508648,0.172455148478643,0.68591677726973,0.583748079823663,0.583748079823663,0.583748079823663,0.009759925102616,0.686442875536113,0.491202491133976,0.491202491133976,0.491202491133976,0.014032130972854,0.545558487107591,58.3923737724299,128.985228414699,128.985228414699,128.985228414699,35.0961571629464,128.985228414699,22.6324336347559,36.0694507110513,41.0134932755005,5.67576068379305,5.43347139641542,-297032.896414342,-470760.129174588,-194312.784699973,-757687.17428062,-625184.622290596,0.041761101278877,0.019460172659451,1.56310808284725,1.56652469429333,0.190486631632602,0.016066989588973,0.016037767584276,0.016012097063992,0.026146189232822,0.028264054170247,23.9774796241673,72.5874822149718,0.279736285731509,0.279736285731509,0.279736285731509,0.265844398448461,0.657261055386657,0.279736285731509,0.065708108487007,0.065708108487007,0.065708108487007,0.09499239852689
3,6.7337766,2.6253354549408,154.704973101616,5.60447981115431,0.396226932934951,0.008754093983043,0.00038504097688,12.410482,4.6294456,0.528743999928948,1.06580910727416,0,0.5895983,0.6956866,1.4867287,0.058,51.3698630136986,20.5479452054794,1.2113254,4.955928,0.10580693,15.473705,0.4607161,4,CZ2_equilibrium_011824_-17e2acb6a_FATES-5b076b69_0004,/glade/u/home/adamhb/ahb_params/fates_api_25/ensembles/STAN_equilibrium_111023_01/ca_5pfts_100523_0004.nc,0.390010556847724,0.122938010078788,0.078508660780167,0.435429412040497,0.262389117666648,17.2161644018451,17.2161644018451,17.2161644018451,27.734262988728,0.203339303692196,0.584778292253516,0.753498472818462,0.879877773533367,0.283239653584258,0.020849258448685,0.020577016417654,0.020504528867349,0.014799351085025,0.026382209019898,0.963293616063773,0.963440699591732,0.969062112167269,0.927736669306077,0.805533121807093,50007.4481086306,0.634525957911271,44.9528830677938,0.007259741158071,0.007259741158071,0.007259741158071,0.029857972864025,0.010544839508046,0.012751918139688,0.016353407906693,0.016353407906693,0.046666112557964,0.009522677945481,0.012751918139688,61.3996624217888,45.6536650599781,45.2034350161216,52.7292841192409,66.878364618878,0.419751929531021,0.167583920710731,0.111238166877629,0.987678079298353,0.829803208745635,0.459864919191837,0.920346737568809,0.803238249820346,0.803238249820346,0.803238249820346,0.008725528413253,0.671842881797137,0.33840749171374,0.33840749171374,0.33840749171374,0.018771500997991,0.629174341611216,98.3469117289256,100.627615290355,100.627615290355,100.627615290355,68.3590379078504,100.627615290355,27.544667603692,29.3104322404809,35.1097811571264,4.07442636216821,5.7222700164128,-307277.656565268,-419501.937452061,-216374.166015249,-657104.712158261,-526576.898516733,0.059398321981438,0.092468058565021,1.0848489606659,1.74101630386223,0.074581491158737,0.028224483112374,0.017691655910325,0.016299169711563,0.01788232192463,0.031609070924543,14.5975129206186,61.9381785856569,0.379334307262433,0.379334307262433,0.379334307262433,0.202151899696349,0.485257626908088,0.379334307262433,0.08088771522668,0.08088771522668,0.08088771522668,0.09998216800628
4,14.177242,4.11545372009277,291.985645890236,26.9392598420382,3.04304587189108,0.254907899943646,0.000569632128133,6.081196,0,0.512718379495111,0.669971745793418,0,0.34702647,0.4247414,0.9741616,0.034,12.8787878787879,0,0.121757925,13.429601,0.44342595,9.050812,0.1824584,5,CZ2_equilibrium_011824_-17e2acb6a_FATES-5b076b69_0005,/glade/u/home/adamhb/ahb_params/fates_api_25/ensembles/STAN_equilibrium_111023_01/ca_5pfts_100523_0005.nc,0.103884851437252,0.052914164374723,0.100966729356297,0.510548314610384,0.351004807443175,23.1659062063352,23.1659062063352,23.1659062063352,16.265388007448,0.636434901504217,0.838460733598854,0.856352902214221,0.768106914168172,0.349106155242278,0.06597571796821,0.025670368173707,0.025611590874088,0.019444834269032,0.026111552063009,0.998108652383523,0.999708346923065,0.998924030391409,0.916755677353991,0.692283093284361,59757.8522332404,0.927108630517444,13.1970853304283,0.002263659855751,0.002263659855751,0.002263659855751,0.041180257042236,0.006845137426539,0.008239724278866,0.012293174089624,0.012293174089624,0.047021474210132,0.012861376886763,0.008239724278866,64.4203261420066,47.7912820942951,46.570435791247,46.0986293467422,44.2639155094641,0.271103477148005,0.223719253138304,0.146805890398645,0.216524153445569,0.855404475847927,0.373853286974384,0.538426546922905,0.917095078601037,0.917095078601037,0.917095078601037,0.005306712784998,0.568654199150078,0.657083971972465,0.657083971972465,0.657083971972465,0.013880183479874,0.644085252763283,99.7254152744904,61.927189030233,61.927189030233,61.927189030233,36.7552303266972,61.927189030233,37.4169011428276,42.138813238858,44.9327043217375,2.1506849208833,1.70866675184894,-261492.414897932,-396193.231842773,-133134.08643272,-655126.400965674,-568826.447903331,0.033016801670185,0.282935582363167,1.09517506474664,1.4301575959782,0.295322300383677,0.021071142421285,0.019366927976177,0.017747675993562,0.03513040064082,0.037190559726191,14.8067262197609,50.9520579555903,0.374971099647882,0.374971099647882,0.374971099647882,0.181367147156161,0.438946168549624,0.374971099647882,0.067826229609965,0.067826229609965,0.067826229609965,0.094041099312802
5,23.465542,5.61104106903076,234.635584056377,39.686867967248,16.7140504345298,14.5324552431703,0.109865568447276,4.5169177,0,0.441404105619953,0.819613509349892,2,0.27184752,0.2951297,1.8396549,0.036,36.986301369863,12.3287671232877,22.48858,0.86528414,0.059401512,8.042124,0.052276578,8,CZ2_equilibrium_011824_-17e2acb6a_FATES-5b076b69_0008,/glade/u/home/adamhb/ahb_params/fates_api_25/ensembles/STAN_equilibrium_111023_01/ca_5pfts_100523_0008.nc,0.059676428449455,0.048626658019156,0.041652045120255,0.217770177597847,0.363585899331163,27.9447309765434,27.9447309765434,27.9447309765434,28.3437495190185,0.196004661050051,0.753468571153278,0.240221223091721,0.598483169787592,0.483217576229946,0.047465375013817,0.022727612619213,0.020451423708649,0.019548592356333,0.013104073870701,0.832539549872212,0.920520950202583,0.98983169005592,0.260889601373188,0.954627250239773,50266.4084348991,0.711298623200441,26.6622112636458,0.003939907141538,0.003939907141538,0.003939907141538,0.090615184029875,0.003179828112695,0.013644506360068,0.016628749436583,0.016628749436583,0.053259429016033,0.01398064903076,0.013644506360068,67.1639212828243,45.4315886660749,45.2316608690021,57.413700021712,37.2240600040442,0.064407190057115,0.053982775944113,0.050385932419694,0.794066285220302,0.174473047279455,0.520672035527098,0.975115387336273,0.543085278103931,0.543085278103931,0.543085278103931,0.006300571960219,0.625716644383818,0.664476937330083,0.664476937330083,0.664476937330083,0.011149691690572,0.35606119693375,76.8822895973338,64.4179867622689,64.4179867622689,64.4179867622689,41.0929519303647,64.4179867622689,41.0259862094396,48.4728435067468,49.7862294374542,5.70834625737234,3.46975895789464,-370015.125851143,-479124.760616199,-130587.698273475,-691436.573114116,-532689.724530595,0.149958809289604,0.088556967912157,0.717668451271386,1.66530958182287,0.275304082272842,0.026634726264108,0.017723839748304,0.016395831759258,0.041141505407533,0.031511507818533,26.5032126068078,78.2694808770861,0.346426680971154,0.346426680971154,0.346426680971154,0.235195303980483,0.794788916111196,0.346426680971154,0.070691452347419,0.070691452347419,0.070691452347419,0.092170499044014
6,15.421281,5.4558629989624,181.077159941196,30.1519385538995,10.1816561073065,0.006228036681932,0,1.3984764,0,0.505098652909911,0.835119845021382,1,0.61674315,0.6840653,2.4413972,0.017,57.7380952380952,27.9761904761905,0.16813445,14.6981325,0.46774453,13.911565,0.08726879,9,CZ2_equilibrium_011824_-17e2acb6a_FATES-5b076b69_0009,/glade/u/home/adamhb/ahb_params/fates_api_25/ensembles/STAN_equilibrium_111023_01/ca_5pfts_100523_0009.nc,0.205126745412096,0.075778640232626,0.054153007654138,0.484862175897525,0.225486548931357,27.4581878670386,27.4581878670386,27.4581878670386,26.8514403839063,0.250795471788893,0.609326121214252,0.454026993268464,0.684167365791269,0.792080370088842,0.067982344699731,0.031510566133106,0.023188417684894,0.015505464834483,0.021883449245082,0.984255848538586,0.999403140246037,0.998520500383543,0.795422015052445,0.398558380165854,44796.8700631385,0.259126071988724,26.5017961464836,0.004326698140338,0.004326698140338,0.004326698140338,0.09733939531391,0.009755273894917,0.01050449771284,0.013353119253319,0.013353119253319,0.052653253150069,0.008942286572034,0.01050449771284,48.2144306649193,45.253021447342,45.10954646667,46.4776374638479,54.5352572276561,0.489209590703119,0.103806199206157,0.101128473714054,0.772280676275938,0.47731157611785,0.527282628515176,0.70449887133985,0.804521684430389,0.804521684430389,0.804521684430389,0.00607594100417,0.707126573340212,0.327254516981497,0.327254516981497,0.327254516981497,0.019964821908487,0.460820006194686,70.8186365294448,160.955294828008,160.955294828008,160.955294828008,95.9084053644875,160.955294828008,35.440718443218,40.4651802000309,41.0746390720505,3.17297945562221,5.77616717321306,-336973.245897554,-412541.507115822,-187480.911017933,-669305.003763471,-598320.356867368,0.200237018083995,0.169919543107314,0.714975758237822,1.23676118404009,0.248804430250534,0.022530969468134,0.019705774470327,0.017584972581757,0.02798495903341,0.035975258077187,11.0134809760987,88.4961664492042,0.273187480510824,0.273187480510824,0.273187480510824,0.159704451972254,0.454956386839219,0.273187480510824,0.082523306296473,0.082523306296473,0.082523306296473,0.106607867578404
7,3.2538443,2.41568231582642,41.9515371322632,6.16331642959267,0.810115525382571,0.197779827431077,0.138199829962105,3.1298153,0,0.280230465416988,0.970204630107219,1,0.90789914,1.1954005,0.95316744,0.059,15.2,1.6,0.23124124,2.3270602,0.66114104,24.849133,0.034401964,13,CZ2_equilibrium_011824_-17e2acb6a_FATES-5b076b69_0013,/glade/u/home/adamhb/ahb_params/fates_api_25/ensembles/STAN_equilibrium_111023_01/ca_5pfts_100523_0013.nc,0.144498744130177,0.068290132532512,0.080389490531311,0.435396282626099,0.129102399549545,28.731795545933,28.731795545933,28.731795545933,17.6314518191607,0.891053807978828,0.898509900364113,0.895717156156825,0.142077669472308,0.368348196443057,0.030185492062812,0.020465795148885,0.020347196285374,0.018684925821524,0.016278432400634,0.329685281200823,0.34052333236429,0.370191775898934,0.371157888435978,0.830903217720873,62966.506675097,1.29595969445419,48.1002398013606,0.00483138334157,0.00483138334157,0.00483138334157,0.013672216396881,0.012399577786303,0.013574267869448,0.016686705014115,0.016686705014115,0.040228239714613,0.011519472787979,0.013574267869448,54.4464452101962,50.6615044092479,50.2580931923005,55.6425430131594,36.9388436116128,0.358265325528106,0.259311834080475,0.08922559617232,0.716444825111041,0.731056941216702,0.404493360087844,0.663383799631308,0.942014668268581,0.942014668268581,0.942014668268581,0.007052922597456,0.706402331597437,0.710075553837687,0.710075553837687,0.710075553837687,0.018488782854042,0.497920369684335,86.8289109227037,123.286950692889,123.286950692889,123.286950692889,58.2694256394939,123.286950692889,48.0917656010789,48.5915141584596,48.9123199294079,2.82496258110989,1.5276398246589,-373322.827987429,-381309.851875409,-220597.017730884,-695435.523954825,-576554.6781083,0.117497120620855,0.211320315183974,1.83590765959784,1.79555953443523,0.172666041865332,0.037308106033939,0.016608895372648,0.016544903330905,0.053720401169403,0.020922748765973,13.0160944838669,73.8405072888881,0.277046943378797,0.277046943378797,0.277046943378797,0.183522624791576,0.6050054811017,0.277046943378797,0.072191887560757,0.072191887560757,0.072191887560757,0.088059316724716
8,44.556767,10.0265674591064,203.356053680181,76.4332339167595,73.5104735940695,71.7166904360056,0.494247397000436,17.106474,0.005057023,0.373607585828314,0.784756353084503,0,0.2175607,0.23841688,0.6277995,0.065,8.46153846153846,0,41.821594,1.0323256,1.2901986,5.332634,0.41264886,14,CZ2_equilibrium_011824_-17e2acb6a_FATES-5b076b69_0014,/glade/u/home/adamhb/ahb_params/fates_api_25/ensembles/STAN_equilibrium_111023_01/ca_5pfts_100523_0014.nc,0.193291707675994,0.120031038596031,0.054192757499643,0.4415116028227,0.408840769552377,25.4771008701523,25.4771008701523,25.4771008701523,28.079261377835,0.15032962010817,0.458496247368786,0.209505588756429,0.45368023697958,0.303891611397284,0.053763466917189,0.021732853355199,0.021455348183126,0.018842214284305,0.016511059403917,0.244038844519578,0.976311955122507,0.438791463215988,0.201114582635176,0.726147719399369,53012.0490691691,1.26409415501583,33.8810022027022,0.003128244318165,0.003128244318165,0.003128244318165,0.041321233786224,0.006652264498022,0.012085581276816,0.016229382014017,0.016229382014017,0.051944736813453,0.011871845625681,0.012085581276816,48.966124590463,45.5267596667581,45.1320807514295,60.6399146156249,45.7463618606327,0.157524118467596,0.056775916350549,0.054499243381551,0.828044650204649,0.643247367751375,0.41888733419233,0.951862737191175,0.610910283434081,0.610910283434081,0.610910283434081,0.00908508622683,0.593486792337271,0.929229553636638,0.929229553636638,0.929229553636638,0.0112460469396,0.635138409048447,42.9092080427585,76.3872784147347,76.3872784147347,76.3872784147347,32.5298326949936,76.3872784147347,29.8509819634714,39.5495475969564,42.6257237967478,3.05584697449515,3.05288077296111,-315481.126817286,-428127.202145095,-135218.814185632,-739549.677362712,-539421.464673778,0.049691424223289,0.223285393338738,1.66840048597374,1.74099469368091,0.283390771237027,0.018842984546343,0.016747144213796,0.016327443825405,0.023103976835659,0.030129160619657,29.6340532574814,68.7781949755813,0.326755161208381,0.326755161208381,0.326755161208381,0.215074546865715,0.792455430060054,0.326755161208381,0.070139580611158,0.070139580611158,0.070139580611158,0.101420847797689
9,9.942947,3.7992057800293,295.176804065704,26.5342788770795,1.15390968858264,0.022473843728221,0.004116367335882,2.2364423,0,0.494381661364477,0.949123376756234,0,0.5660485,0.6435887,1.8749743,0.043,49.1666666666667,17.5,1.0546075,8.444597,0.17742586,21.561388,0.26631743,15,CZ2_equilibrium_011824_-17e2acb6a_FATES-5b076b69_0015,/glade/u/home/adamhb/ahb_params/fates_api_25/ensembles/STAN_equilibrium_111023_01/ca_5pfts_100523_0015.nc,0.0902165449539,0.072872152745634,0.063318595376589,0.266783140085459,0.240052215659861,17.0867201410281,17.0867201410281,17.0867201410281,27.6847269456336,0.63818871457682,0.807750319090836,0.700675170314076,0.776882535712287,0.668211585154092,0.020332567170119,0.020060635442226,0.020005522374688,0.007284165668795,0.020217905614157,0.596293092084864,0.742147083833143,0.690236626910582,0.751266121351505,0.602729225666353,58323.7623823912,0.905737162952702,10.7931083030199,0.004935161212737,0.004935161212737,0.004935161212737,0.044514761689001,0.005326067451506,0.016010104655307,0.016843514974536,0.016843514974536,0.048565769390733,0.008412117819773,0.016010104655307,45.0219996577933,45.0143778744599,45.014006052395,50.4591543908722,79.324801103309,0.49403993652617,0.455825971582839,0.079648637553867,0.223064810752602,0.836963464625765,0.460539149999196,0.796413400898647,0.742742447797566,0.742742447797566,0.742742447797566,0.006875595571246,0.640868267031889,0.480676216043012,0.480676216043012,0.480676216043012,0.009536323075186,0.378164325077694,41.3485266629386,62.6245275086142,62.6245275086142,62.6245275086142,62.7148101388293,62.6245275086142,44.4300356740002,47.0676542188265,47.1699465806442,5.280000644448,1.76033913992071,-374257.587165715,-445010.242200607,-142615.04590159,-656741.977010557,-623332.504689061,0.176651733133562,0.010208935294126,0.656382563863379,1.00246254708931,0.203869722801152,0.017647575372766,0.016629085453386,0.016324183108518,0.035652526997865,0.031849361668264,23.4320911973589,50.1126198899549,0.332735661184872,0.332735661184872,0.332735661184872,0.171781011082029,0.766354747416147,0.332735661184872,0.072547134396016,0.072547134396016,0.072547134396016,0.099358034739181
10,22.175463,6.56409215927124,271.406657993793,12.357160449028,1.67960723047145,0.65737942350097,0.032548791750742,1.0427719,1.0914158,0.514685760479454,0.813155897304796,1,0.083844,0.34177387,0.9542122,0.035,7.93650793650794,0,19.745806,2.1049035,0.050587486,5.984539,0.27416602,17,CZ2_equilibrium_011824_-17e2acb6a_FATES-5b076b69_0017,/glade/u/home/adamhb/ahb_params/fates_api_25/ensembles/STAN_equilibrium_111023_01/ca_5pfts_100523_0017.nc,0.377250832947437,0.238850292558762,0.069651366945729,0.524720098863424,0.111646502195785,24.225963165332,24.225963165332,24.225963165332,25.524019662076,0.399624339012414,0.445559971206256,0.710377108534585,0.859665778238966,0.104411792751244,0.071702481423253,0.045229717461618,0.033209955240365,0.00920402217507,0.007921162438834,0.649342966444809,0.952313338360556,0.926480107132914,0.77656956778592,0.651376547283405,66248.1072324373,1.31738978246528,24.395247072151,0.003409535622116,0.003409535622116,0.003409535622116,0.033324460064805,0.005501106176062,0.013598586772497,0.013633136503255,0.013633136503255,0.043882031375097,0.01093751472544,0.013598586772497,45.6882610989517,45.6854946646991,45.5934068772471,54.5298210766093,76.2242873847079,0.06587927980947,0.060730315866061,0.059515985362139,0.398703733106496,0.804555786622725,0.162816777472461,0.840436844401413,0.726859684302602,0.726859684302602,0.726859684302602,0.008904519485427,0.844698697737484,0.816315194189409,0.816315194189409,0.816315194189409,0.006322010057741,0.533230574574065,79.3193785026221,217.754787995768,217.754787995768,217.754787995768,28.0822452183033,217.754787995768,39.5846983222525,40.1661163377053,44.8364211262041,4.64271897944941,2.32079729116403,-348046.844781871,-391353.354062316,-204302.61852841,-739634.660785692,-522242.989211089,0.059768244802583,0.183944280223122,1.20664303895681,1.61811810434052,0.239747550475191,0.01753192464766,0.016713539628559,0.016333406162446,0.034744588516991,0.024617216609569,29.6023586799109,72.5981174025839,0.443590401306933,0.443590401306933,0.443590401306933,0.261646035290244,0.448627119697662,0.443590401306933,0.080473424183943,0.080473424183943,0.080473424183943,0.089842003221258
11,22.01065,6.13210296630859,192.648563534021,32.7472691424191,13.0236486438662,4.30331419920549,0.144708246807568,0.9582568,0.19550914,0.594642282050774,1.04236608490282,0,0.23711443,0.25541714,1.9410105,0.018,75.1724137931034,44.8275862068966,17.784132,3.525495,0.40940556,4.694804,0.291619,21,CZ2_equilibrium_011824_-17e2acb6a_FATES-5b076b69_0021,/glade/u/home/adamhb/ahb_params/fates_api_25/ensembles/STAN_equilibrium_111023_01/ca_5pfts_100523_0021.nc,0.106941735125328,0.044034826071103,0.059282985655747,0.373016805488956,0.164021058559395,28.821249471976,28.821249471976,28.821249471976,26.4247293426229,0.432095323374577,0.639976500645445,0.602820394899793,0.854987794653086,0.260813162919167,0.046632347139581,0.041559879710046,0.027621339388384,0.009630044035353,0.021719218457379,0.895948661055599,0.946858407182725,0.950868937893191,0.747081046745157,0.471481323668018,56471.3098975943,0.135328294653378,39.4688854326408,0.00449617744259,0.00449617744259,0.00449617744259,0.02164848648369,0.009622323073322,0.016186357718847,0.016661894754466,0.016661894754466,0.049692148358822,0.009125000059822,0.016186357718847,64.0575668468641,47.6935055035995,47.5303593401353,74.0829138074951,64.7590041305717,0.154398459648871,0.134007730352203,0.082919614476947,0.785701916929633,0.721402312883559,0.475646943619891,0.646907996162679,0.622203722486057,0.622203722486057,0.622203722486057,0.009837378204742,0.823664091359409,0.885630477770146,0.885630477770146,0.885630477770146,0.017973780690192,0.365380149777256,48.3466980531841,64.4249109951057,64.4249109951057,64.4249109951057,99.0513074626993,64.4249109951057,5.60195121153098,34.3175189426197,35.8446741004207,3.50712869352206,1.97018701581918,-280448.664160194,-502633.036987053,-185189.778597698,-693403.501373635,-532932.773011966,0.118761389912191,0.070919530564103,0.743459213063366,1.14570785883543,0.142578061941586,0.019083124837646,0.018233925058308,0.017530688449498,0.035794604034381,0.021138034872853,12.4875690837854,53.0329274174073,0.324904443018581,0.324904443018581,0.324904443018581,0.237148913565789,0.649034107462203,0.324904443018581,0.078881310848343,0.078881310848343,0.078881310848343,0.103160172384153
12,33.961685,8.27786445617676,415.440052747726,88.9650452882052,20.0170208700001,16.1235383711755,0.026037023417303,0.61220306,0.15383697,0.615539265644759,0.880056870130375,2,0.1893942,0.34770617,0.7845869,0.016,3.2,0,14.662751,19.21825,0.011612133,4.8967595,0.06907103,22,CZ2_equilibrium_011824_-17e2acb6a_FATES-5b076b69_0022,/glade/u/home/adamhb/ahb_params/fates_api_25/ensembles/STAN_equilibrium_111023_01/ca_5pfts_100523_0022.nc,0.140144141347103,0.083765192962459,0.131491394692284,0.400448082024185,0.198705134593924,10.8862495012308,10.8862495012308,10.8862495012308,13.0275060078366,0.424808125997981,0.790779124064659,0.435639156573219,0.604170136637812,0.127513765296145,0.036480807710025,0.029720052607491,0.024220948262093,0.017376110946343,0.009913944326545,0.404040188695881,0.641757074016934,0.429664928647863,0.944982272255991,0.535769731102795,64331.1164752496,0.428518562275885,9.01859724390334,0.00748688497098,0.00748688497098,0.00748688497098,0.05472759201083,0.008272873573052,0.016599706745794,0.016920662860548,0.016920662860548,0.024816336714674,0.015337959189119,0.016599706745794,54.2244932861425,47.4186850330975,46.9439559310648,75.8914289531013,35.6546507192484,0.169062008773913,0.148388303062059,0.138010947562118,0.332766088055426,0.476511991993609,0.577128360666438,0.670395500140337,0.580249808678447,0.580249808678447,0.580249808678447,0.008742565131562,0.796708257126311,0.419044753339586,0.419044753339586,0.419044753339586,0.012928147704298,0.602723603794876,64.6905699918153,93.6522851795506,93.6522851795506,93.6522851795506,75.7855853314758,93.6522851795506,14.9856847012679,30.7171600765363,45.0560489581063,4.05792692384465,3.43596517317301,-349659.394923543,-381206.68258894,-201972.200308455,-755216.094878553,-542815.587014779,0.195333471616745,0.068054115036127,1.85173368588983,1.61254638784431,0.329972301281293,0.032841184819717,0.020325122466853,0.019658380103867,0.019754766528467,0.033238354991639,29.3797976164948,80.7132441002873,0.306718393135823,0.306718393135823,0.306718393135823,0.245498427701363,0.633634665341656,0.306718393135823,0.082741471454309,0.082741471454309,0.082741471454309,0.101264309837221
13,33.968853,11.5863046646118,300.594158470631,102.258855476975,18.100276356563,5.13717415742576,0.399701129936147,0.10463788,0.44564614,0.652461573396997,1.04544288285524,1,0.35404047,0.5083252,1.4629459,0.012,52.2058823529412,14.7058823529412,9.851555,23.908436,0.19389111,12.62028,0.014972336,23,CZ2_equilibrium_011824_-17e2acb6a_FATES-5b076b69_0023,/glade/u/home/adamhb/ahb_params/fates_api_25/ensembles/STAN_equilibrium_111023_01/ca_5pfts_100523_0023.nc,0.109631368460116,0.085196583440548,0.052863346271987,0.37010603940588,0.227623972315,17.64652558183,17.64652558183,17.64652558183,26.6272499224875,0.554290800707191,0.789615984749728,0.681787444415806,0.893121218885986,0.671876555010877,0.031113397638167,0.021253069906205,0.020958919557642,0.010082568837616,0.017756896632302,0.83115129045408,0.878867868835237,0.907845826832678,0.907181066908319,0.339057250637944,55889.6116633157,0.190965111393162,5.87910124451938,0.004276412722956,0.004276412722956,0.004276412722956,0.085464809496996,0.009799561613376,0.015329213163779,0.015336689428883,0.015336689428883,0.044480616308691,0.01160185077225,0.015329213163779,48.9229805913513,45.399101623364,45.3155509464698,67.8428387670821,45.4058112184301,0.427532917921374,0.295298714327695,0.268472579302034,0.83517152465412,0.93211987222649,0.174461428959631,0.575319884488339,0.612683764101855,0.612683764101855,0.612683764101855,0.005881587261824,0.746434032856319,0.428812097588938,0.428812097588938,0.428812097588938,0.017362327597875,0.368959512689331,88.4865573272714,162.175261649042,162.175261649042,162.175261649042,52.3264748189902,162.175261649042,41.3566519739975,48.3465164192873,49.2935775440388,2.83529214482077,5.73922781377586,-264269.291782514,-459627.411294354,-188023.050010296,-693015.315479565,-542951.742182249,0.007993342979633,0.0918456545136,1.19810749857033,1.33445667110455,0.116354513321545,0.018627509672088,0.017210178628001,0.016854986591568,0.028721020321023,0.035104657759423,29.1239244137395,60.9528569857321,0.264178475705546,0.264178475705546,0.264178475705546,0.227682559828665,0.512546448062133,0.264178475705546,0.074503710751563,0.074503710751563,0.074503710751563,0.110086378782898
14,8.39139,2.89058089256287,262.553654611111,8.7645958410576,1.5956477727741,0.548995849385392,0.074974182098231,4.1601315,0,0.640204133984466,0.865030114738374,0,0.59236526,0.65193343,0.69180775,0.051,19.8529411764706,0,1.4243919,6.3628454,0.24671833,10.030005,0.35743463,24,CZ2_equilibrium_011824_-17e2acb6a_FATES-5b076b69_0024,/glade/u/home/adamhb/ahb_params/fates_api_25/ensembles/STAN_equilibrium_111023_01/ca_5pfts_100523_0024.nc,0.112872748088118,0.095039711802493,0.086917413800475,0.353278538396882,0.244765515596721,29.5031520267671,29.5031520267671,29.5031520267671,19.5900446499735,0.427795095622704,0.630738844147718,0.62303249323874,0.680540064778935,0.658716200478053,0.069692976447324,0.027687398577104,0.024222638921613,0.01840846223285,0.018927228962851,0.905538245093289,0.970324649324355,0.981182193121176,0.717457360842344,0.31328682580694,53966.2029828546,1.10296222980699,23.8018793801225,0.005879583619905,0.005879583619905,0.005879583619905,0.081624873075892,0.007434354451138,0.016530569775244,0.016857912228342,0.016857912228342,0.033979803728679,0.00808090729145,0.016530569775244,50.6079025064076,50.5224356441244,45.3513317656334,58.743053398127,74.0661876610583,0.516012841053801,0.217712942859697,0.103689387079782,0.265592390149461,0.505797095074007,0.494611521253283,0.61210762436484,0.584269153551025,0.584269153551025,0.584269153551025,0.005513816841631,0.849656097123444,0.977793434576393,0.977793434576393,0.977793434576393,0.016673039002182,0.412218522127656,45.5221311824649,71.5433994840744,71.5433994840744,71.5433994840744,79.8610168493378,71.5433994840744,48.8619753987583,49.9690967852463,49.993214886096,2.98703907187589,2.34330779945311,-300863.700854031,-453004.979125778,-230387.120592121,-709147.865710497,-601557.678671973,0.189225590782286,0.230407391629846,1.48669338301087,1.31637946302236,0.309151290431518,0.022189756097248,0.018726814199253,0.016709960861417,0.019131000582553,0.031464132496546,13.3009118419005,59.7257112213922,0.352005716139983,0.352005716139983,0.352005716139983,0.229396360077452,0.592664563225256,0.352005716139983,0.080501331041503,0.080501331041503,0.080501331041503,0.088089881294161
15,23.185898,7.26270627975464,396.627113223076,18.1815086398274,0.810844940133393,0.040623976929055,6.04E-05,0.594666,0.6877667,0.534977378985434,0.980972974787164,1,0.30795473,0.5360315,2.5636587,0.02,55.1401869158878,16.8224299065421,21.44186,1.0037105,0.07341274,12.48824,0.6669158,25,CZ2_equilibrium_011824_-17e2acb6a_FATES-5b076b69_0025,/glade/u/home/adamhb/ahb_params/fates_api_25/ensembles/STAN_equilibrium_111023_01/ca_5pfts_100523_0025.nc,0.203037707148477,0.194144419821661,0.197951999838144,0.333632536603704,0.209787007835883,21.4091812503627,21.4091812503627,21.4091812503627,28.5151082729239,0.353806762995388,0.405948961195039,0.684966713865399,0.806174135619771,0.238566643062392,0.07618636560485,0.048700854658376,0.039140915224989,0.015811766794104,0.012366139472638,0.860976151768806,0.898752987384178,0.979093232623331,0.907924049941682,0.591987759038505,69099.2142501907,0.525654976960287,7.08475254757412,0.006423098739238,0.006423098739238,0.006423098739238,0.035147705400086,0.006334332098961,0.014346457601878,0.016016552415058,0.016016552415058,0.031175572421046,0.010950462795414,0.014346457601878,70.8013778521746,46.3600998242289,45.2027615379567,80.2000760464148,69.6377618796427,0.545658585134478,0.421450015656145,0.299122557730263,0.323558646501727,0.748720892911128,0.232667259354223,0.935566322359443,0.918004844446889,0.918004844446889,0.918004844446889,0.008459488420907,0.698027491466283,0.503837313330664,0.503837313330664,0.503837313330664,0.010200059637319,0.37795153421726,11.1771855679176,80.8575680061812,80.8575680061812,80.8575680061812,64.0103315865767,80.8575680061812,37.9241926162948,44.5041007559113,48.8587303111706,5.80328452808886,2.92071227842808,-263235.370118727,-494119.051907437,-175345.423894515,-706517.785882456,-619539.047120336,0.099132374437953,0.213153294729496,0.597412538982515,1.82386027003396,0.16566414923169,0.03596901706171,0.024748878880953,0.016767531332134,0.047061926335984,0.036239092085594,25.4740454022414,56.473345389565,0.280703002352244,0.280703002352244,0.280703002352244,0.204284296921902,0.455123187946853,0.280703002352244,0.078940523984697,0.078940523984697,0.078940523984697,0.103457876778445
16,22.06458,3.97972106933594,314.842127263546,27.7038151398301,1.51165979332291,0.085997771748225,0.043225495574006,2.4182053,0.0045393165,0.296153500429697,1.04626815755182,2,0.10402206,0.22100085,2.0292492,0.055,40.1515151515152,12.1212121212121,0.176375,21.810043,0.025653515,3.757659,0.052509587,26,CZ2_equilibrium_011824_-17e2acb6a_FATES-5b076b69_0026,/glade/u/home/adamhb/ahb_params/fates_api_25/ensembles/STAN_equilibrium_111023_01/ca_5pfts_100523_0026.nc,0.360832285065931,0.304508114353822,0.190468911033195,0.217759934017786,0.343492575473712,24.6674812955702,24.6674812955702,24.6674812955702,16.0268668582605,0.597787464563216,0.872481830344622,0.746698107253415,0.419960768254183,0.820135716439208,0.026339906716665,0.025342542508399,0.023265427569944,0.012716226286879,0.0242894445235,0.69454292848879,0.87483127024605,0.773681849070375,0.790611028353178,0.607497167206585,56326.6584719968,1.14763205599784,34.3462182986698,0.005833768845606,0.005833768845606,0.005833768845606,0.066967908174304,0.008272979122958,0.015543132498184,0.016830438185625,0.016830438185625,0.032120861331917,0.010476300472554,0.015543132498184,69.3914037031368,56.2215278997321,56.1814504167999,81.1740799880437,71.0022327769714,0.155287283533041,0.068240065289692,0.063173411675052,0.213990102896949,0.752940030402221,0.503743429813858,0.945804458990922,0.62368870228637,0.62368870228637,0.62368870228637,0.007957640503617,0.665815655872434,0.789711751480721,0.789711751480721,0.789711751480721,0.019565170794867,0.304885410682464,88.4578306942356,130.846593302297,130.846593302297,130.846593302297,44.4938553467983,130.846593302297,23.4479392360309,24.4560107391674,42.2876047315355,3.45899840901773,2.79535264605642,-275997.81241553,-440232.760857598,-207289.982475944,-757891.450106639,-539042.937041995,0.016279897900493,0.258720078364289,0.810259151019853,1.2392142513651,0.292542404131128,0.032899642365089,0.016251762887963,0.016035449005363,0.047871439632596,0.022054280545894,16.9611778813437,65.3011212709686,0.306904103045464,0.306904103045464,0.306904103045464,0.261491642895014,0.442433725769648,0.306904103045464,0.065269735955583,0.065269735955583,0.065269735955583,0.093288790161828
17,23.114182,5.22177505493164,549.660213291645,55.9878302738071,15.0604092050344,2.4084396136459,0.553059835510794,3.309722,0,0.588993158446899,0.853507191578728,1,0.0063253026,0.37527722,0.63048553,0.056,4.80769230769231,0,18.429094,4.481919,0.043540724,6.316976,0.15962738,27,CZ2_equilibrium_011824_-17e2acb6a_FATES-5b076b69_0027,/glade/u/home/adamhb/ahb_params/fates_api_25/ensembles/STAN_equilibrium_111023_01/ca_5pfts_100523_0027.nc,0.172974414128234,0.095554936076646,0.108239473667043,0.417747910074222,0.41536743240193,25.278497696262,25.278497696262,25.278497696262,27.0944964349929,0.411785416933806,0.503624873447954,0.74334856252106,0.529416849286001,0.411015056481547,0.065933716207805,0.026461915836304,0.026057137994542,0.017041904635246,0.016691871605747,0.837158484869231,0.97138138308445,0.982166164443716,0.983292251326703,0.341549094814673,67157.5325917099,2.18329632061379,43.9686191699723,0.002075328265745,0.002075328265745,0.002075328265745,0.008712664012256,0.008942728000866,0.016233679479002,0.016720937298794,0.016720937298794,0.035928159525446,0.014469391347761,0.016233679479002,55.8771614937959,47.6707574945453,47.4270890606428,51.2014161281192,46.4062172704696,0.355121236886095,0.191731800259208,0.148137429558724,0.25983577975511,0.96199185847101,0.53093419981838,0.647984129889378,0.940406418739496,0.940406418739496,0.940406418739496,0.00667447296387,0.641568868124859,0.449593188392032,0.449593188392032,0.449593188392032,0.017799331571871,0.497027933145842,59.0186340929704,199.837281035903,199.837281035903,199.837281035903,81.1776698154029,199.837281035903,15.6991240862039,48.331007082325,49.3017944560552,2.23142736355572,2.27447811041801,-336411.464943516,-440155.162604497,-149064.875999194,-659006.270256517,-556606.300178507,0.00920332020517,0.253233747766946,1.42525169681226,1.39160648328384,0.163704295312918,0.042577667424234,0.034961547431916,0.027858701246053,0.050016591937347,0.0295232451286,28.4950413831368,86.1919770374374,0.434783112226201,0.434783112226201,0.434783112226201,0.191161607438364,0.485826159235452,0.434783112226201,0.066377973308341,0.066377973308341,0.066377973308341,0.095512269150052
18,21.625484,4.8728289604187,627.268478274345,13.1469336338341,0.174503384187119,0.009726954885991,0.000836556779404,8.355407,0,0.574200785133491,0.871762052753411,0,0.3084168,0.5031293,2.0898662,0.041,28.9256198347107,6.61157024793388,1.7762676,18.918419,0.5203659,6.9891753,0.41043007,29,CZ2_equilibrium_011824_-17e2acb6a_FATES-5b076b69_0029,/glade/u/home/adamhb/ahb_params/fates_api_25/ensembles/STAN_equilibrium_111023_01/ca_5pfts_100523_0029.nc,0.205176070478742,0.140207770794354,0.095450053350961,0.43599736003999,0.365244545960342,26.1606985598287,26.1606985598287,26.1606985598287,22.4157326758639,0.561450414436296,0.749597198616071,0.75746858025492,0.6273062930182,0.88786987981799,0.035664226374753,0.020007298944849,0.020002861077607,0.00830963944287,0.028717440838139,0.868368757326898,0.989199617894143,0.929975158303407,0.676875973084977,0.532733622436409,61357.6683214775,1.76522144131469,17.0280531794412,0.006663208831913,0.006663208831913,0.006663208831913,0.022793555453271,0.013183357085009,0.012630846437721,0.014246225184338,0.014246225184338,0.017660448643037,0.013531695085381,0.012630846437721,62.1074496889179,59.9863494689577,48.5597453579744,53.3365221557127,31.016338997771,0.271737270073907,0.183338662738298,0.142946578416076,0.495437979744627,0.414236654257256,0.38022629191193,0.832496427263236,0.88637360254104,0.88637360254104,0.88637360254104,0.005546802886168,0.677943693304481,0.460617657250358,0.460617657250358,0.460617657250358,0.014914155839703,0.655544703628111,95.9234370375448,90.6601210365935,90.6601210365935,90.6601210365935,47.6789760873096,90.6601210365935,24.9952608057813,39.2716513650432,44.3115166983762,3.539055399803,3.50336454401602,-332387.230852485,-443254.832487856,-249074.791002909,-729106.540494099,-511063.627923551,0.032427039222168,0.249148438482374,0.576525563733961,1.79959651425317,0.132906108703878,0.030057590601865,0.02581465997747,0.024057842740482,0.035010818648915,0.033560916312552,25.542701829254,59.3046810308425,0.280371696527051,0.280371696527051,0.280371696527051,0.168353127744197,0.714042474988338,0.280371696527051,0.068160438445988,0.068160438445988,0.068160438445988,0.106897533590592
19,10.06097,3.42360091209412,104.932822287083,34.1058941558003,5.07017481140792,2.81791319139302,0.003874176570662,1.2795613,1.2799233,0.471615141797927,1.02972457057149,1,0.7035425,1.3329893,1.1770554,0.048,2.65486725663717,0,0.42277506,9.120638,0.49485254,20.586075,0.022705548,30,CZ2_equilibrium_011824_-17e2acb6a_FATES-5b076b69_0030,/glade/u/home/adamhb/ahb_params/fates_api_25/ensembles/STAN_equilibrium_111023_01/ca_5pfts_100523_0030.nc,0.105905276171255,0.060435318141771,0.055866495220923,0.39793790136541,0.25765912981778,23.3950368924359,23.3950368924359,23.3950368924359,24.0566001757187,0.613383922823342,0.745193044111713,0.88133079010625,0.386932188012668,0.786145252679989,0.033443436221841,0.029411197143682,0.022604567429511,0.015829732210205,0.026183107691934,0.874422154024922,0.934203826392415,0.981482042955722,0.356086420918677,0.93702542529064,68550.7215988987,2.67563068951724,18.928033673014,0.00394317201118,0.00394317201118,0.00394317201118,0.069318800124747,0.004300354986956,0.012346804396527,0.014711955341982,0.014711955341982,0.023742117704944,0.012934298691438,0.012346804396527,70.6916262466157,61.4929954198393,59.4719734210079,76.6804190512679,33.3434754381504,0.262995919599828,0.056767338379787,0.056351070016008,0.570445249602477,0.835929753147633,0.2694414674784,0.669726509127211,0.58727797948667,0.58727797948667,0.58727797948667,0.009457992609143,0.931402247253348,0.595335831071649,0.595335831071649,0.595335831071649,0.018223302050259,0.356675194438235,45.6103317546525,72.1400328691319,72.1400328691319,72.1400328691319,52.8326737266219,72.1400328691319,24.7858680880599,26.3371071181073,43.8762640108494,5.03338865272029,2.34037372554914,-355720.113957797,-456409.805368844,-155750.123576683,-638824.553839965,-523890.811176219,0.16589474026286,0.204202721239161,1.84645618952963,1.50452961329875,0.113554896834327,0.047255355995819,0.044828091080146,0.016651496715242,0.036899123809913,0.022402344110722,19.3706839474342,71.8302355925588,0.384416565859505,0.384416565859505,0.384416565859505,0.205267591370156,0.885447438797121,0.384416565859505,0.071297508183578,0.071297508183578,0.071297508183578,0.092417339395053
20,21.772188,5.47741651535034,360.213629901409,16.5765278507024,2.92393378913403,2.34560473472811,1.07464096799959,2.8212569,0,0.538270519141463,0.814879215624842,1,0.07813868,0.3353749,0.47923756,0.046,0,0,18.875425,2.4473948,0.39418882,5.447408,0.055178944,31,CZ2_equilibrium_011824_-17e2acb6a_FATES-5b076b69_0031,/glade/u/home/adamhb/ahb_params/fates_api_25/ensembles/STAN_equilibrium_111023_01/ca_5pfts_100523_0031.nc,0.384383781071895,0.064151976367461,0.364976211476644,0.414641680817603,0.152350454193414,28.5851304894412,28.5851304894412,28.5851304894412,20.8271805474031,0.305188405703195,0.386893165205034,0.711061807723664,0.592093213996977,0.539779396867275,0.045281758719672,0.024289721941146,0.022665828585501,0.008978747294427,0.027962154319309,0.647414775724966,0.698460149462128,0.777720092359653,0.329146319194134,0.569961122416387,63252.4306904976,2.6126455254531,26.0861685933758,0.005799026085328,0.005799026085328,0.005799026085328,0.008414868120516,0.008454139789413,0.010246348836998,0.014616337130966,0.014616337130966,0.023216172899543,0.008468208176361,0.010246348836998,71.6939290130731,58.3111356990657,50.2280631559878,52.2851409748085,78.442297635207,0.263430875642599,0.260642392505178,0.090693605059239,0.554379780487584,0.617876843181339,0.514084539672064,0.899088914448005,0.841754192862234,0.841754192862234,0.841754192862234,0.005099673846285,0.602720907036487,0.606685408969341,0.606685408969341,0.606685408969341,0.012414157183288,0.615302863880817,37.7758261294387,69.7496612993742,69.7496612993742,69.7496612993742,76.0137197428008,69.7496612993742,33.4853029384011,43.2728168172812,49.5426895311887,4.61514218725234,2.0595121662217,-370805.974725503,-389802.050173885,-192062.310007808,-730974.152342325,-601554.670099369,0.144916539992081,0.085771550573446,2.33670659496945,1.08544844973266,0.204786456951678,0.027975346543909,0.027938390759054,0.019115405176486,0.044403769934538,0.036399562363783,18.818041490348,89.4825609978512,0.412251670429792,0.412251670429792,0.412251670429792,0.209602412089728,0.945992467254027,0.412251670429792,0.077223947059033,0.077223947059033,0.077223947059033,0.102979707034779
21,27.57099,11.3274078369141,287.000201642513,55.2260829135776,22.4686996079981,6.79016462527216,0.37639922084054,0.03767139,0.16525263,0.632042778596375,1.06239048022871,1,0.34406057,0.5147239,1.2261696,0.014,30.0813008130081,2.4390243902439,5.2097464,21.843714,0.51659214,18.513485,0.0009385477,33,CZ2_equilibrium_011824_-17e2acb6a_FATES-5b076b69_0033,/glade/u/home/adamhb/ahb_params/fates_api_25/ensembles/STAN_equilibrium_111023_01/ca_5pfts_100523_0033.nc,0.098182232665287,0.055379323375554,0.08529031270072,0.236096440722648,0.327981556759997,29.6958005921565,29.6958005921565,29.6958005921565,27.0274764660489,0.698788395470398,0.880383179283625,0.859556728110728,0.577600260455501,0.569489162570224,0.071166426426092,0.05925562169021,0.055696098179322,0.015446392368183,0.022703341585518,0.933652796270021,0.964944949615242,0.987538734124449,0.201288226596217,0.99817560899751,57463.7070206275,0.262196914182938,16.8449370014092,0.002407646063037,0.002407646063037,0.002407646063037,0.010017131840963,0.008144930071102,0.01690092674868,0.016912427261368,0.016912427261368,0.049288833575958,0.01434424373009,0.01690092674868,48.8291353060338,48.5138152198913,47.9339871994668,71.5299086760954,30.4316045970626,0.36808790293544,0.102980685518183,0.098975253017592,0.872650859593242,0.716350061675189,0.184437706157435,0.553098789068424,0.872151694793314,0.872151694793314,0.872151694793314,0.008161622500414,0.592438902475776,0.90101422251054,0.90101422251054,0.90101422251054,0.015163115816426,0.397064721992252,11.5985228928432,87.6366193496395,87.6366193496395,87.6366193496395,71.6898914166132,87.6366193496395,20.4751803191031,38.7750698675766,49.5150746565852,5.84800723516079,3.10942407343809,-269212.120035233,-438921.540848728,-148142.58175848,-727662.724102729,-508219.031089643,0.047400038583757,0.208925436192642,1.41605706518095,1.38931010186514,0.139876649368275,0.01631234013918,0.016174425892336,0.01610991086931,0.049974524900639,0.033934587536406,28.5374722444505,53.9800901473617,0.337070560649093,0.337070560649093,0.337070560649093,0.241729766166522,0.729174000932802,0.337070560649093,0.08293701952205,0.08293701952205,0.08293701952205,0.089155293347659
22,21.618208,6.31775093078613,426.837131381035,28.1245121732354,4.71342791570351,2.64247879385948,0.207784196391003,0.5850057,0,0.480006370005132,1.00822194087868,2,0.25475037,0.62912375,2.48833,0.023,78.7671232876712,45.8904109589041,20.64763,0.87859386,0.06438149,11.092614,0.027603833,37,CZ2_equilibrium_011824_-17e2acb6a_FATES-5b076b69_0037,/glade/u/home/adamhb/ahb_params/fates_api_25/ensembles/STAN_equilibrium_111023_01/ca_5pfts_100523_0037.nc,0.266564881830541,0.135403818816616,0.148722863355246,0.519975204009883,0.219926028313485,26.6958096662751,26.6958096662751,26.6958096662751,12.7973448715419,0.338000182545078,0.849589330545132,0.746625031481575,0.48233601326642,0.605299637574633,0.037379184514281,0.027689159614534,0.021487883359512,0.018936951181219,0.025410121110284,0.763688654694519,0.927129921929955,0.981083046770647,0.957417766879919,0.219330587627549,51470.3631355263,0.197428666806274,25.2165230302971,0.006361432800775,0.006361432800775,0.006361432800775,0.069145952275922,0.011963318342855,0.01459040332329,0.016456805992386,0.016456805992386,0.03912630671078,0.015508481759756,0.01459040332329,58.2276032801298,47.1109411914342,45.9599049837159,79.0648985677499,31.1219298638604,0.574662967091599,0.415978430447751,0.276700946658229,0.248922617400157,0.227614249458283,0.390344181834703,0.608595272871457,0.784950848868487,0.784950848868487,0.784950848868487,0.006268154771791,0.804088561752715,0.982652648355508,0.982652648355508,0.982652648355508,0.014775443490451,0.31889283502145,50.6670811288293,81.6402258452938,81.6402258452938,81.6402258452938,70.0028857466784,81.6402258452938,14.7364358467434,28.8466297543942,39.8964460455309,3.29496449593821,5.21549180556143,-347173.189105608,-437493.967215769,-248831.247728972,-687379.672435341,-546608.264904553,0.163088090317575,0.271183936781395,0.707052128495728,1.31818909341368,0.275117780759632,0.016671605174398,0.016447890742478,0.016196666412107,0.026818774497462,0.030397393304492,22.0286662917818,86.5379689225779,0.369243960043258,0.369243960043258,0.369243960043258,0.205896728557313,0.880360654150585,0.369243960043258,0.079622825498804,0.079622825498804,0.079622825498804,0.103164857482799
23,25.194845,5.76406478881836,802.65149474144,14.6008864976466,0.057417082643951,0.019371047983441,0.000135049225136,1.9227672,0.70409966,0.421533828029563,0.83802914559783,0,0.21044293,0.36477834,0.5015302,0.031,1.51515151515152,0,24.146767,0.6183666,0.110373266,6.621511,0.31934056,38,CZ2_equilibrium_011824_-17e2acb6a_FATES-5b076b69_0038,/glade/u/home/adamhb/ahb_params/fates_api_25/ensembles/STAN_equilibrium_111023_01/ca_5pfts_100523_0038.nc,0.158622078465078,0.053406600631521,0.13080802090621,0.236702933072615,0.104265089556658,25.473175947593,25.473175947593,25.473175947593,23.2790051291081,0.621246565560293,0.852881286217323,0.776427388138133,0.69128635108694,0.84085575122079,0.075232645583805,0.026892622086034,0.022249438301364,0.007892855972232,0.006234702114393,0.456271463399302,0.776921756557648,0.794768875727079,0.796539091748235,0.365314453224009,55485.026322195,0.822623089900169,7.45390055965675,0.005552311976455,0.005552311976455,0.005552311976455,0.062353884447362,0.009750395584208,0.008324632904449,0.010503778149768,0.010503778149768,0.03520396121278,0.010845807017007,0.008324632904449,78.8642540934896,51.506201848834,47.9960801590714,57.477304540054,61.099573558876,0.160119634638797,0.128432494459474,0.081887801012123,0.85670800865344,0.650574004660118,0.461405218673828,0.505971283239513,0.83400807825712,0.83400807825712,0.83400807825712,0.006028130536557,0.730803543367477,0.826597656451188,0.826597656451188,0.826597656451188,0.012081385373619,0.517472202384489,72.9883452715505,196.856213268134,196.856213268134,196.856213268134,46.4838716765685,196.856213268134,45.6931319449867,45.8214171298191,48.391276425351,4.30472467822599,3.71374928039862,-279193.559776329,-430858.471032601,-222469.076326216,-739584.254394596,-587801.498576854,0.063306088087641,0.260220919539192,2.21443306913528,1.0852244266701,0.210185521022193,0.027555478850062,0.01850793185744,0.017083490534971,0.019029994517617,0.023967740458718,14.9598580657126,52.1625300743432,0.297362841361992,0.297362841361992,0.297362841361992,0.218371903567234,0.449332174483393,0.297362841361992,0.068500923366052,0.068500923366052,0.068500923366052,0.105775211716585
24,19.452946,8.03790760040283,161.729119718075,38.4211074560881,17.7570013329387,7.34235742129386,4.4477274059318,1.1393124,4.9479775,0.688644081014768,1.02335048313762,1,0.46793577,0.55178,2.1889496,0.023,79.7202797202797,48.2517482517483,12.614618,6.599362,0.1925355,9.688013,0.046430692,41,CZ2_equilibrium_011824_-17e2acb6a_FATES-5b076b69_0041,/glade/u/home/adamhb/ahb_params/fates_api_25/ensembles/STAN_equilibrium_111023_01/ca_5pfts_100523_0041.nc,0.092070529691182,0.042314146320678,0.056641429165958,0.327794599138069,0.405030905503813,21.290038715468,21.290038715468,21.290038715468,28.0459866459334,0.374839900798529,0.472345462716316,0.896888880487313,0.658977967454081,0.633125753285067,0.057522699507139,0.037004330032574,0.033677588790053,0.010036999694687,0.028645014665965,0.486999005127771,0.566299743449065,0.974574989037665,0.603213685393259,0.732040803453135,56198.4843692244,0.206948730294084,22.0888343185833,0.007240795612625,0.007240795612625,0.007240795612625,0.031216717465061,0.006081138979571,0.014743589152382,0.014832230442484,0.014832230442484,0.039746208558726,0.008837010556763,0.014743589152382,67.6774103242592,52.4221535048177,51.059487486106,86.4690734404839,72.5128982228131,0.470904002488387,0.120355916657404,0.096625791968529,0.346285286447796,0.865514163261112,0.176737281062902,0.660783524968949,0.915761445397995,0.915761445397995,0.915761445397995,0.005663950657418,0.554307546105313,0.907147669423086,0.907147669423086,0.907147669423086,0.009247276176951,0.442717039820696,42.218452639676,168.398610922003,168.398610922003,168.398610922003,30.6067252172032,168.398610922003,42.8131049867879,44.994133851086,45.7593537765573,1.95476976107165,1.70963182007955,-255838.1173569,-394627.876370149,-191958.07193209,-675391.677146181,-543900.909213373,0.1400166820945,0.132586196480217,0.820525823959243,1.56200700870978,0.277363815059171,0.037089775055651,0.025221502569317,0.024392040959483,0.036830590557974,0.022797581843342,19.7971547853294,52.5614053265367,0.42413281870814,0.42413281870814,0.42413281870814,0.261961563981299,0.651016318402937,0.42413281870814,0.08101301400607,0.08101301400607,0.08101301400607,0.109167165755795
25,26.073187,7.27937841415405,433.390624821186,28.6647607572377,26.9956630654633,6.58732082229108,2.34815699514002,1.8618176,0,0.502798332237501,0.964821186016707,0,0.33382326,0.68414426,1.5745106,0.045,17.5438596491228,0,23.989485,1.7302135,0.102130726,8.971435,0.25135776,42,CZ2_equilibrium_011824_-17e2acb6a_FATES-5b076b69_0042,/glade/u/home/adamhb/ahb_params/fates_api_25/ensembles/STAN_equilibrium_111023_01/ca_5pfts_100523_0042.nc,0.07937736738368,0.058175462805079,0.043908605876793,0.2702011220264,0.13041321577495,29.7692873471873,29.7692873471873,29.7692873471873,12.3025782085815,0.780280237678316,0.868195100523767,0.806990442804564,0.701762599903332,0.641809660462697,0.061323178675063,0.036277633929939,0.024662038247076,0.018118118163759,0.023376127156253,0.969815864090991,0.995048247058765,0.996357409139763,0.544050561183645,0.667455557175063,66440.182304637,1.79256802686449,13.3451397377652,0.002779951777739,0.002779951777739,0.002779951777739,0.059221979177837,0.006478058446803,0.016591400255583,0.016869989252022,0.016869989252022,0.032980545766688,0.014380210156113,0.016591400255583,69.21630791447,46.2295541716747,46.176963129907,47.0134966771207,48.244331544983,0.214275509900114,0.104560340950915,0.08907565190687,0.779705339424778,0.564931175406859,0.401942555142584,0.821812645617244,0.533541538229689,0.533541538229689,0.533541538229689,0.007275513058523,0.920799857610183,0.973418183667818,0.973418183667818,0.973418183667818,0.016462262581617,0.43940169219024,77.4381031503127,220.491332912462,220.491332912462,220.491332912462,55.2403439114442,220.491332912462,41.8041736105082,49.2587778424869,49.72425960661,4.61149699042222,1.57517331618447,-315600.112688549,-434140.026988553,-127294.417258053,-657648.376715203,-535798.085829951,0.087505750729501,0.202614960793502,0.983150576662848,1.81855133997734,0.151344732527617,0.048128324286453,0.033287853317348,0.030895879648705,0.019701346555899,0.033645512978432,29.0686111125106,74.211527523495,0.3569457203297,0.3569457203297,0.3569457203297,0.247184166564508,0.467973638368581,0.3569457203297,0.066826330947637,0.066826330947637,0.066826330947637,0.086634060433224
26,17.561577,6.99495220184326,517.186969518662,17.3561938572675,2.82406486803666,0.038751313695684,0,0.022483572,0.0001455091,0.458421471538415,1.05791689981061,2,0.32665253,0.92261726,1.468791,0.014,44.6153846153846,10.7692307692308,0.39155987,17.16266,0.0018901469,21.513182,0.0054655825,45,CZ2_equilibrium_011824_-17e2acb6a_FATES-5b076b69_0045,/glade/u/home/adamhb/ahb_params/fates_api_25/ensembles/STAN_equilibrium_111023_01/ca_5pfts_100523_0045.nc,0.377360643452456,0.154749633808344,0.227573022227914,0.222579096294909,0.375828792446341,29.8031139492005,29.8031139492005,29.8031139492005,25.1743394418227,0.270264234118872,0.677238614541843,0.846718754878713,0.865606771392402,0.280975538883875,0.070825741010459,0.049005340636117,0.022717878035986,0.011744258904737,0.012356510485893,0.629474414342735,0.77333672790906,0.811041165552782,0.990645957772058,0.869127592332856,57048.6658098909,0.161405580027122,38.5244211348727,0.004723342066253,0.004723342066253,0.004723342066253,0.019526212621456,0.002857240179968,0.009570570655766,0.010934174799038,0.010934174799038,0.049970056910216,0.011392865034664,0.009570570655766,71.4744165483047,64.9029374324233,50.6277461868296,73.660035488561,37.5349057866096,0.18371113439842,0.152406156840437,0.124285260400082,0.300143998151371,0.306504875249114,0.292966950157814,0.68617270025865,0.513434971092824,0.513434971092824,0.513434971092824,0.007125189355956,0.899801472195181,0.48282280858057,0.48282280858057,0.48282280858057,0.015065393875123,0.608269893009574,34.769821774391,132.200797697911,132.200797697911,132.200797697911,70.4096998726055,132.200797697911,26.0755069525034,49.7530824546435,49.7768314570302,4.1371748859182,5.28730911575145,-354423.910666647,-411951.85262212,-166814.082379066,-661185.837436541,-602784.40900701,0.041037462201644,0.215882569054637,1.42594445897293,1.10196633635106,0.110307719338292,0.040371098940293,0.03701343068492,0.031286233100977,0.041041497317443,0.028617384131703,26.5750186748846,77.7383644835843,0.405449867618383,0.405449867618383,0.405449867618383,0.238906848251521,0.436971563107866,0.405449867618383,0.081651493132962,0.081651493132962,0.081651493132962,0.094011499511466
27,10.16204,4.02677345275879,95.1184052973986,8.86495399754494,7.31837411876768,7.27118051145226,1.46228005178273,1.5578175,0.009256024,0.454622033442945,0.908297599949037,0,0.75393623,1.4130667,1.0156984,0.075,23.4042553191489,2.12765957446808,9.069412,0.8030658,0.1603328,24.257076,0.12922822,46,CZ2_equilibrium_011824_-17e2acb6a_FATES-5b076b69_0046,/glade/u/home/adamhb/ahb_params/fates_api_25/ensembles/STAN_equilibrium_111023_01/ca_5pfts_100523_0046.nc,0.089856065165071,0.077679900850413,0.085753698414887,0.379224224924741,0.215387367602168,24.9739067170376,24.9739067170376,24.9739067170376,24.585360552054,0.130146075310356,0.412355541423314,0.678283958053706,0.474818328554054,0.145681901218347,0.024853867366093,0.022174551480875,0.02103800318497,0.016831356306081,0.023963410292948,0.529047063602843,0.796264267266438,0.900641746607188,0.993842767060938,0.36985977434555,54838.7452023595,1.17303838917321,9.18552538844735,0.005006280918093,0.005006280918093,0.005006280918093,0.021241529637974,0.005250372247928,0.014919714104354,0.016589738946531,0.016589738946531,0.02189845269391,0.009262484376692,0.014919714104354,63.2487084670007,47.2728062245624,45.2527553378852,61.7738984366096,73.0276008891472,0.306360243879504,0.066425221887131,0.06413896350217,0.177686925095461,0.920155988901908,0.412689899303493,0.752256634156103,0.519080767841079,0.519080767841079,0.519080767841079,0.007508905736629,0.676771907734686,0.812669868831527,0.812669868831527,0.812669868831527,0.017035661507291,0.686133989223497,82.7006091457689,121.024667287962,121.024667287962,121.024667287962,53.2684260631792,121.024667287962,17.8087867973431,34.9848253390649,44.6281781385333,2.57992563978146,2.69522205139705,-354402.183662725,-470469.77608287,-211676.055774162,-701160.961039292,-554480.060213089,0.105778808737669,0.277002260396715,1.514248439769,1.31730766607604,0.108072335288766,0.017986529468675,0.017037610115822,0.016042284055429,0.045598939972624,0.037050640900486,23.8392339011026,66.8770417338314,0.307909163582029,0.307909163582029,0.307909163582029,0.192074673225147,0.690538468259447,0.307909163582029,0.06618816949553,0.06618816949553,0.06618816949553,0.105855685061126
28,15.914538,4.88934278488159,290.010869503021,37.5290983356535,1.85104188858531,0.757224479457364,0.050660123633861,0.08641428,0.05779522,0.45260598919385,1.24250203316478,2,0.53223205,0.65939087,0.9878168,0.014,31.4285714285714,7.14285714285714,0.22345363,15.685168,0.0027566506,17.675604,0.003159137,48,CZ2_equilibrium_011824_-17e2acb6a_FATES-5b076b69_0048,/glade/u/home/adamhb/ahb_params/fates_api_25/ensembles/STAN_equilibrium_111023_01/ca_5pfts_100523_0048.nc,0.125356418361244,0.041192551218791,0.095499769671549,0.446424369681645,0.250491571942043,12.2142351324928,12.2142351324928,12.2142351324928,18.2680575027773,0.485031047376288,0.786818958941005,0.877357420761422,0.637654822284105,0.2929021735818,0.031994901170028,0.021493991167781,0.020397295451952,0.018208194790562,0.01834193753816,0.909122847667221,0.937059937772457,0.918576038971694,0.878959695674702,0.664579199879553,54571.2670614145,0.166131186407648,12.91280631592,0.005079433317662,0.005079433317662,0.005079433317662,0.056524864479834,0.008306272097025,0.0149251732295,0.016107221688289,0.016107221688289,0.03340309454652,0.01029625011328,0.0149251732295,51.9873467829998,49.9748704216535,45.0465134573429,85.7330712102378,46.0814196069666,0.225240371052451,0.139624169842929,0.136521806352194,0.38424711715003,0.573501911736491,0.139869597278938,0.596881200152487,0.905347906400596,0.905347906400596,0.905347906400596,0.005011940510443,0.928511566052182,0.70366800961093,0.70366800961093,0.70366800961093,0.011670429296492,0.671629885389492,51.5657660429975,64.8273542144113,64.8273542144113,64.8273542144113,78.8820231379772,64.8273542144113,31.6633483820265,40.7897114914718,46.6500755168829,4.55805122701231,4.59631995050073,-299869.783338679,-475353.373338032,-126629.324026315,-702270.549983931,-534459.387640277,0.214718845808831,0.156606317097307,2.07145901113307,1.13124666151285,0.08295503563171,0.022297811743124,0.021022866476435,0.018782790867618,0.015291635304428,0.029363020548188,27.4619203759108,55.0155155118929,0.291832214482717,0.291832214482717,0.291832214482717,0.157805315041646,0.972112447338219,0.291832214482717,0.068516760179328,0.068516760179328,0.068516760179328,0.091706517897588
29,14.099928,4.55652618408203,238.555762916803,9.31976595893502,2.476689114701,1.16075330879539,0.008128419040077,7.4138465,0.008085808,0.664851299858001,1.07039002045894,0,0.4118354,0.8382654,0.81797266,0.055,0,0,3.401148,10.090326,0.11718637,13.541102,0.49126703,50,CZ2_equilibrium_011824_-17e2acb6a_FATES-5b076b69_0050,/glade/u/home/adamhb/ahb_params/fates_api_25/ensembles/STAN_equilibrium_111023_01/ca_5pfts_100523_0050.nc,0.308117635902763,0.065356982969282,0.204376350181649,0.489175369258178,0.255869755456303,12.699994163802,12.699994163802,12.699994163802,20.315881121222,0.401066794132748,0.450909323256461,0.821767934171712,0.348747796024176,0.236969279270143,0.023059606607414,0.020750171413069,0.020580298234749,0.017508189785362,0.029713765819097,0.907950707603254,0.966135961730977,0.913613110153317,0.872037793215688,0.808943682584301,66376.8484040884,3.18070569731527,11.2509021492832,0.004005260974914,0.004005260974914,0.004005260974914,0.019786323459157,0.00362500850446,0.012428270023294,0.014202489736142,0.014202489736142,0.023850815246308,0.012460690386662,0.012428270023294,64.7639726225497,63.6507147264011,56.2111513725706,78.4319761168472,41.234691858516,0.381795528152508,0.183451154565316,0.143140048705723,0.621069390221672,0.601347479817743,0.171433951622744,0.973917619369577,0.605307674393922,0.605307674393922,0.605307674393922,0.006577156285658,0.571508757167285,0.447990256516544,0.447990256516544,0.447990256516544,0.017305828438954,0.586056372821653,97.9722096907477,155.349313900642,155.349313900642,155.349313900642,71.1545296526472,155.349313900642,17.5332556622897,18.5621221782262,39.7723913553068,4.78008295248748,2.77663526076743,-316851.959044874,-411829.157818712,-136737.694663743,-725193.473854532,-623312.964298062,0.056263135859096,0.192529240160799,2.35288358855665,1.70905206640545,0.104381954351687,0.023533810526163,0.0199712614213,0.016522712835916,0.040508300086965,0.024037461872157,20.0849571565808,52.8620848032715,0.437018821155639,0.437018821155639,0.437018821155639,0.185287963260086,1.20119129549242,0.437018821155639,0.082254207506326,0.082254207506326,0.082254207506326,0.103541903479572
30,62.87037,20.8959503173828,201.62396132946,91.0874269902706,90.6160566955805,84.5897942781448,7.13184999767691,0.45209795,0,0.335268969678881,0.795665866121453,2,0.07785867,0.0898243,0.7370863,0.086,0,0,53.432766,9.4351425,0.0013962499,1.8203532,0.0010635132,51,CZ2_equilibrium_011824_-17e2acb6a_FATES-5b076b69_0051,/glade/u/home/adamhb/ahb_params/fates_api_25/ensembles/STAN_equilibrium_111023_01/ca_5pfts_100523_0051.nc,0.306777798095962,0.300272094955443,0.082019093734418,0.41599565135584,0.336509838839655,25.5052415552485,25.5052415552485,25.5052415552485,22.0404878923781,0.122892308626238,0.207192944767121,0.309971624565252,0.321056832214107,0.854406855883362,0.074858548101768,0.034055317773762,0.020309116809258,0.007534000760645,0.006362110444162,0.290126590833137,0.364913151219571,0.983756787809216,0.290689215005844,0.415052647718925,67208.6584531232,3.49619636345484,32.8578893061759,0.004018703882407,0.004018703882407,0.004018703882407,0.080417427447049,0.006989969794661,0.012974185571564,0.014071213866429,0.014071213866429,0.050057663484179,0.008741414166748,0.012974185571564,46.192062757826,45.9963628308313,45.8380649925751,75.6355530179305,79.3922297607842,0.098653516930012,0.05578477099593,0.054664134141531,0.789205296807524,0.808273968952665,0.452772656497577,0.836400183704186,0.65629151399184,0.65629151399184,0.65629151399184,0.0071613233615,0.969357142334201,0.90273344231366,0.90273344231366,0.90273344231366,0.017537253030978,0.309725763297691,30.6760243032171,209.083711653284,209.083711653284,209.083711653284,96.4652869178285,209.083711653284,22.0328328245137,27.2565277073762,43.4457203834877,2.27720785514446,4.1887674924714,-302462.23249159,-438397.623315124,-244684.018052019,-681448.638889274,-508689.067341036,0.159036288978863,0.047746969457765,1.88621846830497,1.58835390906774,0.102162720835632,0.018133928667369,0.016965714072411,0.016542411858894,0.038808341956387,0.027136848423129,21.0586824911561,78.2576363319238,0.326170513471424,0.326170513471424,0.326170513471424,0.194316304227702,0.590512515678815,0.326170513471424,0.071792076311462,0.071792076311462,0.071792076311462,0.102951190978147
31,22.06458,3.97972106933594,314.842127263546,27.7038151398301,1.51165979332291,0.085997771748225,0.043225495574006,2.4182053,0.0045393165,0.296153500429697,1.04626815755182,2,0.10402206,0.22100085,2.0292492,0.055,40.1515151515152,12.1212121212121,0.176375,21.810043,0.025653515,3.757659,0.052509587,52,CZ2_equilibrium_011824_-17e2acb6a_FATES-5b076b69_0052,/glade/u/home/adamhb/ahb_params/fates_api_25/ensembles/STAN_equilibrium_111023_01/ca_5pfts_100523_0052.nc,0.360832285065931,0.304508114353822,0.190468911033195,0.217759934017786,0.343492575473712,24.6674812955702,24.6674812955702,24.6674812955702,16.0268668582605,0.597787464563216,0.872481830344622,0.746698107253415,0.419960768254183,0.820135716439208,0.026339906716665,0.025342542508399,0.023265427569944,0.012716226286879,0.0242894445235,0.69454292848879,0.87483127024605,0.773681849070375,0.790611028353178,0.607497167206585,56326.6584719968,1.14763205599784,34.3462182986698,0.005833768845606,0.005833768845606,0.005833768845606,0.066967908174304,0.008272979122958,0.015543132498184,0.016830438185625,0.016830438185625,0.032120861331917,0.010476300472554,0.015543132498184,69.3914037031368,56.2215278997321,56.1814504167999,81.1740799880437,71.0022327769714,0.155287283533041,0.068240065289692,0.063173411675052,0.213990102896949,0.752940030402221,0.503743429813858,0.945804458990922,0.62368870228637,0.62368870228637,0.62368870228637,0.007957640503617,0.665815655872434,0.789711751480721,0.789711751480721,0.789711751480721,0.019565170794867,0.304885410682464,88.4578306942356,130.846593302297,130.846593302297,130.846593302297,44.4938553467983,130.846593302297,23.4479392360309,24.4560107391674,42.2876047315355,3.45899840901773,2.79535264605642,-275997.81241553,-440232.760857598,-207289.982475944,-757891.450106639,-539042.937041995,0.016279897900493,0.258720078364289,0.810259151019853,1.2392142513651,0.292542404131128,0.032899642365089,0.016251762887963,0.016035449005363,0.047871439632596,0.022054280545894,16.9611778813437,65.3011212709686,0.306904103045464,0.306904103045464,0.306904103045464,0.261491642895014,0.442433725769648,0.306904103045464,0.065269735955583,0.065269735955583,0.065269735955583,0.093288790161828
32,25.699512,7.24131011962891,255.586244165897,29.3425074778497,16.6639115195721,16.6172441095114,4.732824745588,0.5078668,0.12611601,0.44168682659645,1.16737503452669,2,0.29999503,0.58384997,1.3909864,0.04,37.5,10.2941176470588,0.98864293,24.697622,0.008995136,9.813493,0.0042517046,53,CZ2_equilibrium_011824_-17e2acb6a_FATES-5b076b69_0053,/glade/u/home/adamhb/ahb_params/fates_api_25/ensembles/STAN_equilibrium_111023_01/ca_5pfts_100523_0053.nc,0.268477173705243,0.190998952944651,0.043229076253028,0.340917486472675,0.218982825002865,29.2799268192556,29.2799268192556,29.2799268192556,22.3029856192977,0.168956077695202,0.314867563857132,0.29823479950031,0.795186978947434,0.832631421850633,0.045131684419244,0.020708346291396,0.020100594984334,0.011034421378401,0.027805042605072,0.43289722506805,0.590497580941569,0.728241965250554,0.750733431132539,0.35876802692818,50807.6757799707,0.444633644314574,28.675902966194,0.006458364972104,0.006458364972104,0.006458364972104,0.026036943471779,0.004602012801609,0.012652279750547,0.016310990547506,0.016310990547506,0.048133797954779,0.013885708161379,0.012652279750547,74.7022401548594,64.0402361222874,57.0664357057815,64.1180113390611,48.5296299836069,0.52672766858374,0.291036319626196,0.147062040038375,0.764720045280741,0.676785793765393,0.198605730811939,0.977549770811987,0.92190809365862,0.92190809365862,0.92190809365862,0.006186489570575,0.972402062166828,0.503382562268416,0.503382562268416,0.503382562268416,0.007741885795109,0.495690691205163,31.0129848581905,236.565571831694,236.565571831694,236.565571831694,75.5989065177351,236.565571831694,47.1845893376514,47.7704291877346,48.1287559417286,2.49490494959076,4.80678879525021,-302059.784754437,-432869.185161903,-182399.73803899,-697763.593066365,-518329.525368328,0.184965188168395,0.348373464559745,1.3953189283278,1.14501516251804,0.10750166060363,0.027537386028575,0.024462730879223,0.024070783462579,0.030648903125008,0.031086193296923,29.4398371255863,69.1520487062238,0.427489403998822,0.427489403998822,0.427489403998822,0.26672927183723,1.05216880388019,0.427489403998822,0.069596977582442,0.069596977582442,0.069596977582442,0.09609077384366
